Type,id,location,edges--transmission_edge--commodity,edges--transmission_edge--has_capacity,edges--transmission_edge--can_expand,edges--transmission_edge--can_retire,edges--transmission_edge--integer_decisions,edges--transmission_edge--constraints--CapacityConstraint,edges--transmission_edge--start_vertex,edges--transmission_edge--end_vertex,edges--transmission_edge--distance,edges--transmission_edge--existing_capacity,edges--transmission_edge--investment_cost,edges--transmission_edge--fixed_om_cost,edges--transmission_edge--variable_om_cost,edges--transmission_edge--wacc,edges--transmission_edge--lifetime,edges--transmission_edge--capital_recovery_period,edges--transmission_edge--loss_fraction
OneWayTransmissionLink,Region1Beijing_to_Songliao_CO2_Pipeline,Region1Beijing,CO2Captured,TRUE,TRUE,FALSE,FALSE,TRUE,co2_captured_Region1Beijing,co2_transported_Region1Beijing_to_Songliao,895.5,0,78.888753,0,3.949944,0.08,25,15,0.0
OneWayTransmissionLink,Region1Beijing_to_TurpanHami_CO2_Pipeline,Region1Beijing,CO2Captured,TRUE,TRUE,FALSE,FALSE,TRUE,co2_captured_Region1Beijing,co2_transported_Region1Beijing_to_TurpanHami,2067.6,0,82.950526,0,4.153317,0.08,25,15,0.0
OneWayTransmissionLink,Region1Beijing_to_Subei_CO2_Pipeline,Region1Beijing,CO2Captured,TRUE,TRUE,FALSE,FALSE,TRUE,co2_captured_Region1Beijing,co2_transported_Region1Beijing_to_Subei,814.1,0,78.438959,0,3.927423,0.08,25,15,0.0
OneWayTransmissionLink,Region1Beijing_to_BohaiOnshore_CO2_Pipeline,Region1Beijing,CO2Captured,TRUE,TRUE,FALSE,FALSE,TRUE,co2_captured_Region1Beijing,co2_transported_Region1Beijing_to_BohaiOnshore,201.9,0,72.143853,0,3.612229,0.08,25,15,0.0
OneWayTransmissionLink,Region1Beijing_to_Qaidam_CO2_Pipeline,Region1Beijing,CO2Captured,TRUE,TRUE,FALSE,FALSE,TRUE,co2_captured_Region1Beijing,co2_transported_Region1Beijing_to_Qaidam,1953.0,0,82.667212,0,4.139131,0.08,25,15,0.0
OneWayTransmissionLink,Region1Beijing_to_Nanxiang_CO2_Pipeline,Region1Beijing,CO2Captured,TRUE,TRUE,FALSE,FALSE,TRUE,co2_captured_Region1Beijing,co2_transported_Region1Beijing_to_Nanxiang,885.3,0,78.834548,0,3.94723,0.08,25,15,0.0
OneWayTransmissionLink,Region1Beijing_to_Sanjiang_CO2_Pipeline,Region1Beijing,CO2Captured,TRUE,TRUE,FALSE,FALSE,TRUE,co2_captured_Region1Beijing,co2_transported_Region1Beijing_to_Sanjiang,1481.4,0,81.307666,0,4.071059,0.08,25,15,0.0
OneWayTransmissionLink,Region1Beijing_to_Hailar_CO2_Pipeline,Region1Beijing,CO2Captured,TRUE,TRUE,FALSE,FALSE,TRUE,co2_captured_Region1Beijing,co2_transported_Region1Beijing_to_Hailar,1014.5,0,79.481541,0,3.979625,0.08,25,15,0.0
OneWayTransmissionLink,Region1Beijing_to_Jianghan_CO2_Pipeline,Region1Beijing,CO2Captured,TRUE,TRUE,FALSE,FALSE,TRUE,co2_captured_Region1Beijing,co2_transported_Region1Beijing_to_Jianghan,1095.1,0,79.846959,0,3.997922,0.08,25,15,0.0
OneWayTransmissionLink,Region1Beijing_to_Tarim_CO2_Pipeline,Region1Beijing,CO2Captured,TRUE,TRUE,FALSE,FALSE,TRUE,co2_captured_Region1Beijing,co2_transported_Region1Beijing_to_Tarim,2904.2,0,84.658924,0,4.238856,0.08,25,15,0.0
OneWayTransmissionLink,Region1Beijing_to_Ordos_CO2_Pipeline,Region1Beijing,CO2Captured,TRUE,TRUE,FALSE,FALSE,TRUE,co2_captured_Region1Beijing,co2_transported_Region1Beijing_to_Ordos,716.1,0,77.837625,0,3.897315,0.08,25,15,0.0
OneWayTransmissionLink,Region1Beijing_to_YingenEjina_CO2_Pipeline,Region1Beijing,CO2Captured,TRUE,TRUE,FALSE,FALSE,TRUE,co2_captured_Region1Beijing,co2_transported_Region1Beijing_to_YingenEjina,1267.5,0,80.550462,0,4.033146,0.08,25,15,0.0
OneWayTransmissionLink,Region1Beijing_to_Hehuai_CO2_Pipeline,Region1Beijing,CO2Captured,TRUE,TRUE,FALSE,FALSE,TRUE,co2_captured_Region1Beijing,co2_transported_Region1Beijing_to_Hehuai,668.3,0,77.515659,0,3.881194,0.08,25,15,0.0
OneWayTransmissionLink,Region1Beijing_to_Qinshui_CO2_Pipeline,Region1Beijing,CO2Captured,TRUE,TRUE,FALSE,FALSE,TRUE,co2_captured_Region1Beijing,co2_transported_Region1Beijing_to_Qinshui,494.7,0,76.129271,0,3.811778,0.08,25,15,0.0
OneWayTransmissionLink,Region1Beijing_to_Erlian_CO2_Pipeline,Region1Beijing,CO2Captured,TRUE,TRUE,FALSE,FALSE,TRUE,co2_captured_Region1Beijing,co2_transported_Region1Beijing_to_Erlian,484.5,0,76.034165,0,3.807016,0.08,25,15,0.0
OneWayTransmissionLink,Region1Beijing_to_Junggar_CO2_Pipeline,Region1Beijing,CO2Captured,TRUE,TRUE,FALSE,FALSE,TRUE,co2_captured_Region1Beijing,co2_transported_Region1Beijing_to_Junggar,2455.8,0,83.81133,0,4.196417,0.08,25,15,0.0
OneWayTransmissionLink,Region1Beijing_to_SichuanBasin_CO2_Pipeline,Region1Beijing,CO2Captured,TRUE,TRUE,FALSE,FALSE,TRUE,co2_captured_Region1Beijing,co2_transported_Region1Beijing_to_SichuanBasin,1421.7,0,81.107242,0,4.061024,0.08,25,15,0.0
OneWayTransmissionLink,Region1Beijing_to_BohaiOffshore_CO2_Pipeline,Region1Beijing,CO2Captured,TRUE,TRUE,FALSE,FALSE,TRUE,co2_captured_Region1Beijing,co2_transported_Region1Beijing_to_BohaiOffshore,303.0,0,73.922682,0,3.701294,0.08,25,15,0.0
OneWayTransmissionLink,Region1Beijing_to_NorthYellowSea_CO2_Pipeline,Region1Beijing,CO2Captured,TRUE,TRUE,FALSE,FALSE,TRUE,co2_captured_Region1Beijing,co2_transported_Region1Beijing_to_NorthYellowSea,619.2,0,77.161562,0,3.863464,0.08,25,15,0.0
OneWayTransmissionLink,Region1Beijing_to_SouthYellowSea_CO2_Pipeline,Region1Beijing,CO2Captured,TRUE,TRUE,FALSE,FALSE,TRUE,co2_captured_Region1Beijing,co2_transported_Region1Beijing_to_SouthYellowSea,752.3,0,78.068281,0,3.908864,0.08,25,15,0.0
OneWayTransmissionLink,Region1Beijing_to_EastChinaSea_CO2_Pipeline,Region1Beijing,CO2Captured,TRUE,TRUE,FALSE,FALSE,TRUE,co2_captured_Region1Beijing,co2_transported_Region1Beijing_to_EastChinaSea,1411.9,0,81.073588,0,4.059339,0.08,25,15,0.0
OneWayTransmissionLink,Region1Beijing_to_PearlRiverMouth_CO2_Pipeline,Region1Beijing,CO2Captured,TRUE,TRUE,FALSE,FALSE,TRUE,co2_captured_Region1Beijing,co2_transported_Region1Beijing_to_PearlRiverMouth,2151.9,0,83.14966,0,4.163287,0.08,25,15,0.0
OneWayTransmissionLink,Region1Beijing_to_BeibugGulf_CO2_Pipeline,Region1Beijing,CO2Captured,TRUE,TRUE,FALSE,FALSE,TRUE,co2_captured_Region1Beijing,co2_transported_Region1Beijing_to_BeibugGulf,2280.6,0,83.439963,0,4.177823,0.08,25,15,0.0
OneWayTransmissionLink,Region1Beijing_to_Qiongdongnan_CO2_Pipeline,Region1Beijing,CO2Captured,TRUE,TRUE,FALSE,FALSE,TRUE,co2_captured_Region1Beijing,co2_transported_Region1Beijing_to_Qiongdongnan,2509.7,0,83.920577,0,4.201887,0.08,25,15,0.0
OneWayTransmissionLink,Region2Tianjin_to_Songliao_CO2_Pipeline,Region2Tianjin,CO2Captured,TRUE,TRUE,FALSE,FALSE,TRUE,co2_captured_Region2Tianjin,co2_transported_Region2Tianjin_to_Songliao,890.6,0,78.862786,0,3.948644,0.08,25,15,0.0
OneWayTransmissionLink,Region2Tianjin_to_TurpanHami_CO2_Pipeline,Region2Tianjin,CO2Captured,TRUE,TRUE,FALSE,FALSE,TRUE,co2_captured_Region2Tianjin,co2_transported_Region2Tianjin_to_TurpanHami,2164.4,0,83.178562,0,4.164734,0.08,25,15,0.0
OneWayTransmissionLink,Region2Tianjin_to_Subei_CO2_Pipeline,Region2Tianjin,CO2Captured,TRUE,TRUE,FALSE,FALSE,TRUE,co2_captured_Region2Tianjin,co2_transported_Region2Tianjin_to_Subei,723.6,0,77.886299,0,3.899752,0.08,25,15,0.0
OneWayTransmissionLink,Region2Tianjin_to_BohaiOnshore_CO2_Pipeline,Region2Tianjin,CO2Captured,TRUE,TRUE,FALSE,FALSE,TRUE,co2_captured_Region2Tianjin,co2_transported_Region2Tianjin_to_BohaiOnshore,135.5,0,70.438081,0,3.526821,0.08,25,15,0.0
OneWayTransmissionLink,Region2Tianjin_to_Qaidam_CO2_Pipeline,Region2Tianjin,CO2Captured,TRUE,TRUE,FALSE,FALSE,TRUE,co2_captured_Region2Tianjin,co2_transported_Region2Tianjin_to_Qaidam,2035.0,0,82.871466,0,4.149358,0.08,25,15,0.0
OneWayTransmissionLink,Region2Tianjin_to_Nanxiang_CO2_Pipeline,Region2Tianjin,CO2Captured,TRUE,TRUE,FALSE,FALSE,TRUE,co2_captured_Region2Tianjin,co2_transported_Region2Tianjin_to_Nanxiang,870.1,0,78.752673,0,3.943131,0.08,25,15,0.0
OneWayTransmissionLink,Region2Tianjin_to_Sanjiang_CO2_Pipeline,Region2Tianjin,CO2Captured,TRUE,TRUE,FALSE,FALSE,TRUE,co2_captured_Region2Tianjin,co2_transported_Region2Tianjin_to_Sanjiang,1457.0,0,81.226685,0,4.067004,0.08,25,15,0.0
OneWayTransmissionLink,Region2Tianjin_to_Hailar_CO2_Pipeline,Region2Tianjin,CO2Captured,TRUE,TRUE,FALSE,FALSE,TRUE,co2_captured_Region2Tianjin,co2_transported_Region2Tianjin_to_Hailar,1066.9,0,79.722072,0,3.991669,0.08,25,15,0.0
OneWayTransmissionLink,Region2Tianjin_to_Jianghan_CO2_Pipeline,Region2Tianjin,CO2Captured,TRUE,TRUE,FALSE,FALSE,TRUE,co2_captured_Region2Tianjin,co2_transported_Region2Tianjin_to_Jianghan,1065.7,0,79.716689,0,3.991399,0.08,25,15,0.0
OneWayTransmissionLink,Region2Tianjin_to_Tarim_CO2_Pipeline,Region2Tianjin,CO2Captured,TRUE,TRUE,FALSE,FALSE,TRUE,co2_captured_Region2Tianjin,co2_transported_Region2Tianjin_to_Tarim,2996.1,0,84.817318,0,4.246787,0.08,25,15,0.0
OneWayTransmissionLink,Region2Tianjin_to_Ordos_CO2_Pipeline,Region2Tianjin,CO2Captured,TRUE,TRUE,FALSE,FALSE,TRUE,co2_captured_Region2Tianjin,co2_transported_Region2Tianjin_to_Ordos,778.2,0,78.226992,0,3.91681,0.08,25,15,0.0
OneWayTransmissionLink,Region2Tianjin_to_YingenEjina_CO2_Pipeline,Region2Tianjin,CO2Captured,TRUE,TRUE,FALSE,FALSE,TRUE,co2_captured_Region2Tianjin,co2_transported_Region2Tianjin_to_YingenEjina,1361.9,0,80.898388,0,4.050567,0.08,25,15,0.0
OneWayTransmissionLink,Region2Tianjin_to_Hehuai_CO2_Pipeline,Region2Tianjin,CO2Captured,TRUE,TRUE,FALSE,FALSE,TRUE,co2_captured_Region2Tianjin,co2_transported_Region2Tianjin_to_Hehuai,630.3,0,77.243865,0,3.867585,0.08,25,15,0.0
OneWayTransmissionLink,Region2Tianjin_to_Qinshui_CO2_Pipeline,Region2Tianjin,CO2Captured,TRUE,TRUE,FALSE,FALSE,TRUE,co2_captured_Region2Tianjin,co2_transported_Region2Tianjin_to_Qinshui,519.8,0,76.355677,0,3.823114,0.08,25,15,0.0
OneWayTransmissionLink,Region2Tianjin_to_Erlian_CO2_Pipeline,Region2Tianjin,CO2Captured,TRUE,TRUE,FALSE,FALSE,TRUE,co2_captured_Region2Tianjin,co2_transported_Region2Tianjin_to_Erlian,564.3,0,76.732926,0,3.842003,0.08,25,15,0.0
OneWayTransmissionLink,Region2Tianjin_to_Junggar_CO2_Pipeline,Region2Tianjin,CO2Captured,TRUE,TRUE,FALSE,FALSE,TRUE,co2_captured_Region2Tianjin,co2_transported_Region2Tianjin_to_Junggar,2555.6,0,84.011885,0,4.206459,0.08,25,15,0.0
OneWayTransmissionLink,Region2Tianjin_to_SichuanBasin_CO2_Pipeline,Region2Tianjin,CO2Captured,TRUE,TRUE,FALSE,FALSE,TRUE,co2_captured_Region2Tianjin,co2_transported_Region2Tianjin_to_SichuanBasin,1439.3,0,81.167138,0,4.064023,0.08,25,15,0.0
OneWayTransmissionLink,Region2Tianjin_to_BohaiOffshore_CO2_Pipeline,Region2Tianjin,CO2Captured,TRUE,TRUE,FALSE,FALSE,TRUE,co2_captured_Region2Tianjin,co2_transported_Region2Tianjin_to_BohaiOffshore,208.4,0,72.281144,0,3.619103,0.08,25,15,0.0
OneWayTransmissionLink,Region2Tianjin_to_NorthYellowSea_CO2_Pipeline,Region2Tianjin,CO2Captured,TRUE,TRUE,FALSE,FALSE,TRUE,co2_captured_Region2Tianjin,co2_transported_Region2Tianjin_to_NorthYellowSea,526.2,0,76.41176,0,3.825922,0.08,25,15,0.0
OneWayTransmissionLink,Region2Tianjin_to_SouthYellowSea_CO2_Pipeline,Region2Tianjin,CO2Captured,TRUE,TRUE,FALSE,FALSE,TRUE,co2_captured_Region2Tianjin,co2_transported_Region2Tianjin_to_SouthYellowSea,649.5,0,77.383061,0,3.874555,0.08,25,15,0.0
OneWayTransmissionLink,Region2Tianjin_to_EastChinaSea_CO2_Pipeline,Region2Tianjin,CO2Captured,TRUE,TRUE,FALSE,FALSE,TRUE,co2_captured_Region2Tianjin,co2_transported_Region2Tianjin_to_EastChinaSea,1314.2,0,80.725518,0,4.041911,0.08,25,15,0.0
OneWayTransmissionLink,Region2Tianjin_to_PearlRiverMouth_CO2_Pipeline,Region2Tianjin,CO2Captured,TRUE,TRUE,FALSE,FALSE,TRUE,co2_captured_Region2Tianjin,co2_transported_Region2Tianjin_to_PearlRiverMouth,2099.3,0,83.026289,0,4.15711,0.08,25,15,0.0
OneWayTransmissionLink,Region2Tianjin_to_BeibugGulf_CO2_Pipeline,Region2Tianjin,CO2Captured,TRUE,TRUE,FALSE,FALSE,TRUE,co2_captured_Region2Tianjin,co2_transported_Region2Tianjin_to_BeibugGulf,2252.1,0,83.377029,0,4.174672,0.08,25,15,0.0
OneWayTransmissionLink,Region2Tianjin_to_Qiongdongnan_CO2_Pipeline,Region2Tianjin,CO2Captured,TRUE,TRUE,FALSE,FALSE,TRUE,co2_captured_Region2Tianjin,co2_transported_Region2Tianjin_to_Qiongdongnan,2472.1,0,83.844604,0,4.198083,0.08,25,15,0.0
OneWayTransmissionLink,Region3Hebei_to_Songliao_CO2_Pipeline,Region3Hebei,CO2Captured,TRUE,TRUE,FALSE,FALSE,TRUE,co2_captured_Region3Hebei,co2_transported_Region3Hebei_to_Songliao,1158.8,0,80.118289,0,4.011507,0.08,25,15,0.0
OneWayTransmissionLink,Region3Hebei_to_TurpanHami_CO2_Pipeline,Region3Hebei,CO2Captured,TRUE,TRUE,FALSE,FALSE,TRUE,co2_captured_Region3Hebei,co2_transported_Region3Hebei_to_TurpanHami,1983.2,0,82.743359,0,4.142944,0.08,25,15,0.0
OneWayTransmissionLink,Region3Hebei_to_Subei_CO2_Pipeline,Region3Hebei,CO2Captured,TRUE,TRUE,FALSE,FALSE,TRUE,co2_captured_Region3Hebei,co2_transported_Region3Hebei_to_Subei,743.5,0,78.013186,0,3.906105,0.08,25,15,0.0
OneWayTransmissionLink,Region3Hebei_to_BohaiOnshore_CO2_Pipeline,Region3Hebei,CO2Captured,TRUE,TRUE,FALSE,FALSE,TRUE,co2_captured_Region3Hebei,co2_transported_Region3Hebei_to_BohaiOnshore,220.2,0,72.520401,0,3.631082,0.08,25,15,0.0
OneWayTransmissionLink,Region3Hebei_to_Qaidam_CO2_Pipeline,Region3Hebei,CO2Captured,TRUE,TRUE,FALSE,FALSE,TRUE,co2_captured_Region3Hebei,co2_transported_Region3Hebei_to_Qaidam,1795.3,0,82.250657,0,4.118274,0.08,25,15,0.0
OneWayTransmissionLink,Region3Hebei_to_Nanxiang_CO2_Pipeline,Region3Hebei,CO2Captured,TRUE,TRUE,FALSE,FALSE,TRUE,co2_captured_Region3Hebei,co2_transported_Region3Hebei_to_Nanxiang,632.1,0,77.257082,0,3.868247,0.08,25,15,0.0
OneWayTransmissionLink,Region3Hebei_to_Sanjiang_CO2_Pipeline,Region3Hebei,CO2Captured,TRUE,TRUE,FALSE,FALSE,TRUE,co2_captured_Region3Hebei,co2_transported_Region3Hebei_to_Sanjiang,1738.8,0,82.093001,0,4.110381,0.08,25,15,0.0
OneWayTransmissionLink,Region3Hebei_to_Hailar_CO2_Pipeline,Region3Hebei,CO2Captured,TRUE,TRUE,FALSE,FALSE,TRUE,co2_captured_Region3Hebei,co2_transported_Region3Hebei_to_Hailar,1249.8,0,80.482524,0,4.029744,0.08,25,15,0.0
OneWayTransmissionLink,Region3Hebei_to_Jianghan_CO2_Pipeline,Region3Hebei,CO2Captured,TRUE,TRUE,FALSE,FALSE,TRUE,co2_captured_Region3Hebei,co2_transported_Region3Hebei_to_Jianghan,854.2,0,78.665576,0,3.93877,0.08,25,15,0.0
OneWayTransmissionLink,Region3Hebei_to_Tarim_CO2_Pipeline,Region3Hebei,CO2Captured,TRUE,TRUE,FALSE,FALSE,TRUE,co2_captured_Region3Hebei,co2_transported_Region3Hebei_to_Tarim,2785.6,0,84.4474,0,4.228265,0.08,25,15,0.0
OneWayTransmissionLink,Region3Hebei_to_Ordos_CO2_Pipeline,Region3Hebei,CO2Captured,TRUE,TRUE,FALSE,FALSE,TRUE,co2_captured_Region3Hebei,co2_transported_Region3Hebei_to_Ordos,512.1,0,76.287335,0,3.819692,0.08,25,15,0.0
OneWayTransmissionLink,Region3Hebei_to_YingenEjina_CO2_Pipeline,Region3Hebei,CO2Captured,TRUE,TRUE,FALSE,FALSE,TRUE,co2_captured_Region3Hebei,co2_transported_Region3Hebei_to_YingenEjina,1175.5,0,80.187101,0,4.014953,0.08,25,15,0.0
OneWayTransmissionLink,Region3Hebei_to_Hehuai_CO2_Pipeline,Region3Hebei,CO2Captured,TRUE,TRUE,FALSE,FALSE,TRUE,co2_captured_Region3Hebei,co2_transported_Region3Hebei_to_Hehuai,451.6,0,75.714035,0,3.790987,0.08,25,15,0.0
OneWayTransmissionLink,Region3Hebei_to_Qinshui_CO2_Pipeline,Region3Hebei,CO2Captured,TRUE,TRUE,FALSE,FALSE,TRUE,co2_captured_Region3Hebei,co2_transported_Region3Hebei_to_Qinshui,234.5,0,72.794694,0,3.644816,0.08,25,15,0.0
OneWayTransmissionLink,Region3Hebei_to_Erlian_CO2_Pipeline,Region3Hebei,CO2Captured,TRUE,TRUE,FALSE,FALSE,TRUE,co2_captured_Region3Hebei,co2_transported_Region3Hebei_to_Erlian,686.9,0,77.64344,0,3.887592,0.08,25,15,0.0
OneWayTransmissionLink,Region3Hebei_to_Junggar_CO2_Pipeline,Region3Hebei,CO2Captured,TRUE,TRUE,FALSE,FALSE,TRUE,co2_captured_Region3Hebei,co2_transported_Region3Hebei_to_Junggar,2395.9,0,83.687246,0,4.190204,0.08,25,15,0.0
OneWayTransmissionLink,Region3Hebei_to_SichuanBasin_CO2_Pipeline,Region3Hebei,CO2Captured,TRUE,TRUE,FALSE,FALSE,TRUE,co2_captured_Region3Hebei,co2_transported_Region3Hebei_to_SichuanBasin,1159.6,0,80.121606,0,4.011673,0.08,25,15,0.0
OneWayTransmissionLink,Region3Hebei_to_BohaiOffshore_CO2_Pipeline,Region3Hebei,CO2Captured,TRUE,TRUE,FALSE,FALSE,TRUE,co2_captured_Region3Hebei,co2_transported_Region3Hebei_to_BohaiOffshore,467.0,0,75.866521,0,3.798622,0.08,25,15,0.0
OneWayTransmissionLink,Region3Hebei_to_NorthYellowSea_CO2_Pipeline,Region3Hebei,CO2Captured,TRUE,TRUE,FALSE,FALSE,TRUE,co2_captured_Region3Hebei,co2_transported_Region3Hebei_to_NorthYellowSea,768.4,0,78.167531,0,3.913833,0.08,25,15,0.0
OneWayTransmissionLink,Region3Hebei_to_SouthYellowSea_CO2_Pipeline,Region3Hebei,CO2Captured,TRUE,TRUE,FALSE,FALSE,TRUE,co2_captured_Region3Hebei,co2_transported_Region3Hebei_to_SouthYellowSea,805.6,0,78.389577,0,3.924951,0.08,25,15,0.0
OneWayTransmissionLink,Region3Hebei_to_EastChinaSea_CO2_Pipeline,Region3Hebei,CO2Captured,TRUE,TRUE,FALSE,FALSE,TRUE,co2_captured_Region3Hebei,co2_transported_Region3Hebei_to_EastChinaSea,1364.5,0,80.907646,0,4.05103,0.08,25,15,0.0
OneWayTransmissionLink,Region3Hebei_to_PearlRiverMouth_CO2_Pipeline,Region3Hebei,CO2Captured,TRUE,TRUE,FALSE,FALSE,TRUE,co2_captured_Region3Hebei,co2_transported_Region3Hebei_to_PearlRiverMouth,1937.9,0,82.628722,0,4.137204,0.08,25,15,0.0
OneWayTransmissionLink,Region3Hebei_to_BeibugGulf_CO2_Pipeline,Region3Hebei,CO2Captured,TRUE,TRUE,FALSE,FALSE,TRUE,co2_captured_Region3Hebei,co2_transported_Region3Hebei_to_BeibugGulf,2033.1,0,82.866821,0,4.149126,0.08,25,15,0.0
OneWayTransmissionLink,Region3Hebei_to_Qiongdongnan_CO2_Pipeline,Region3Hebei,CO2Captured,TRUE,TRUE,FALSE,FALSE,TRUE,co2_captured_Region3Hebei,co2_transported_Region3Hebei_to_Qiongdongnan,2271.9,0,83.42083,0,4.176865,0.08,25,15,0.0
OneWayTransmissionLink,Region4Shanxi_to_Songliao_CO2_Pipeline,Region4Shanxi,CO2Captured,TRUE,TRUE,FALSE,FALSE,TRUE,co2_captured_Region4Shanxi,co2_transported_Region4Shanxi_to_Songliao,1290.3,0,80.636672,0,4.037462,0.08,25,15,0.0
OneWayTransmissionLink,Region4Shanxi_to_TurpanHami_CO2_Pipeline,Region4Shanxi,CO2Captured,TRUE,TRUE,FALSE,FALSE,TRUE,co2_captured_Region4Shanxi,co2_transported_Region4Shanxi_to_TurpanHami,1832.3,0,82.351393,0,4.123318,0.08,25,15,0.0
OneWayTransmissionLink,Region4Shanxi_to_Subei_CO2_Pipeline,Region4Shanxi,CO2Captured,TRUE,TRUE,FALSE,FALSE,TRUE,co2_captured_Region4Shanxi,co2_transported_Region4Shanxi_to_Subei,866.4,0,78.73254,0,3.942123,0.08,25,15,0.0
OneWayTransmissionLink,Region4Shanxi_to_BohaiOnshore_CO2_Pipeline,Region4Shanxi,CO2Captured,TRUE,TRUE,FALSE,FALSE,TRUE,co2_captured_Region4Shanxi,co2_transported_Region4Shanxi_to_BohaiOnshore,393.5,0,75.090992,0,3.759791,0.08,25,15,0.0
OneWayTransmissionLink,Region4Shanxi_to_Qaidam_CO2_Pipeline,Region4Shanxi,CO2Captured,TRUE,TRUE,FALSE,FALSE,TRUE,co2_captured_Region4Shanxi,co2_transported_Region4Shanxi_to_Qaidam,1624.8,0,81.759674,0,4.093691,0.08,25,15,0.0
OneWayTransmissionLink,Region4Shanxi_to_Nanxiang_CO2_Pipeline,Region4Shanxi,CO2Captured,TRUE,TRUE,FALSE,FALSE,TRUE,co2_captured_Region4Shanxi,co2_transported_Region4Shanxi_to_Nanxiang,583.1,0,76.883959,0,3.849565,0.08,25,15,0.0
OneWayTransmissionLink,Region4Shanxi_to_Sanjiang_CO2_Pipeline,Region4Shanxi,CO2Captured,TRUE,TRUE,FALSE,FALSE,TRUE,co2_captured_Region4Shanxi,co2_transported_Region4Shanxi_to_Sanjiang,1883.7,0,82.488206,0,4.130168,0.08,25,15,0.0
OneWayTransmissionLink,Region4Shanxi_to_Hailar_CO2_Pipeline,Region4Shanxi,CO2Captured,TRUE,TRUE,FALSE,FALSE,TRUE,co2_captured_Region4Shanxi,co2_transported_Region4Shanxi_to_Hailar,1317.6,0,80.738034,0,4.042538,0.08,25,15,0.0
OneWayTransmissionLink,Region4Shanxi_to_Jianghan_CO2_Pipeline,Region4Shanxi,CO2Captured,TRUE,TRUE,FALSE,FALSE,TRUE,co2_captured_Region4Shanxi,co2_transported_Region4Shanxi_to_Jianghan,823.2,0,78.491292,0,3.930044,0.08,25,15,0.0
OneWayTransmissionLink,Region4Shanxi_to_Tarim_CO2_Pipeline,Region4Shanxi,CO2Captured,TRUE,TRUE,FALSE,FALSE,TRUE,co2_captured_Region4Shanxi,co2_transported_Region4Shanxi_to_Tarim,2622.1,0,84.141473,0,4.212947,0.08,25,15,0.0
OneWayTransmissionLink,Region4Shanxi_to_Ordos_CO2_Pipeline,Region4Shanxi,CO2Captured,TRUE,TRUE,FALSE,FALSE,TRUE,co2_captured_Region4Shanxi,co2_transported_Region4Shanxi_to_Ordos,338.8,0,74.419673,0,3.726179,0.08,25,15,0.0
OneWayTransmissionLink,Region4Shanxi_to_YingenEjina_CO2_Pipeline,Region4Shanxi,CO2Captured,TRUE,TRUE,FALSE,FALSE,TRUE,co2_captured_Region4Shanxi,co2_transported_Region4Shanxi_to_YingenEjina,1027.0,0,79.539962,0,3.98255,0.08,25,15,0.0
OneWayTransmissionLink,Region4Shanxi_to_Hehuai_CO2_Pipeline,Region4Shanxi,CO2Captured,TRUE,TRUE,FALSE,FALSE,TRUE,co2_captured_Region4Shanxi,co2_transported_Region4Shanxi_to_Hehuai,483.6,0,76.025683,0,3.806591,0.08,25,15,0.0
OneWayTransmissionLink,Region4Shanxi_to_Qinshui_CO2_Pipeline,Region4Shanxi,CO2Captured,TRUE,TRUE,FALSE,FALSE,TRUE,co2_captured_Region4Shanxi,co2_transported_Region4Shanxi_to_Qinshui,128.9,0,70.227358,0,3.51627,0.08,25,15,0.0
OneWayTransmissionLink,Region4Shanxi_to_Erlian_CO2_Pipeline,Region4Shanxi,CO2Captured,TRUE,TRUE,FALSE,FALSE,TRUE,co2_captured_Region4Shanxi,co2_transported_Region4Shanxi_to_Erlian,740.5,0,77.994263,0,3.905158,0.08,25,15,0.0
OneWayTransmissionLink,Region4Shanxi_to_Junggar_CO2_Pipeline,Region4Shanxi,CO2Captured,TRUE,TRUE,FALSE,FALSE,TRUE,co2_captured_Region4Shanxi,co2_transported_Region4Shanxi_to_Junggar,2252.8,0,83.378584,0,4.174749,0.08,25,15,0.0
OneWayTransmissionLink,Region4Shanxi_to_SichuanBasin_CO2_Pipeline,Region4Shanxi,CO2Captured,TRUE,TRUE,FALSE,FALSE,TRUE,co2_captured_Region4Shanxi,co2_transported_Region4Shanxi_to_SichuanBasin,1031.0,0,79.558516,0,3.983479,0.08,25,15,0.0
OneWayTransmissionLink,Region4Shanxi_to_BohaiOffshore_CO2_Pipeline,Region4Shanxi,CO2Captured,TRUE,TRUE,FALSE,FALSE,TRUE,co2_captured_Region4Shanxi,co2_transported_Region4Shanxi_to_BohaiOffshore,638.8,0,77.305973,0,3.870695,0.08,25,15,0.0
OneWayTransmissionLink,Region4Shanxi_to_NorthYellowSea_CO2_Pipeline,Region4Shanxi,CO2Captured,TRUE,TRUE,FALSE,FALSE,TRUE,co2_captured_Region4Shanxi,co2_transported_Region4Shanxi_to_NorthYellowSea,941.9,0,79.128228,0,3.961935,0.08,25,15,0.0
OneWayTransmissionLink,Region4Shanxi_to_SouthYellowSea_CO2_Pipeline,Region4Shanxi,CO2Captured,TRUE,TRUE,FALSE,FALSE,TRUE,co2_captured_Region4Shanxi,co2_transported_Region4Shanxi_to_SouthYellowSea,968.1,0,79.258595,0,3.968462,0.08,25,15,0.0
OneWayTransmissionLink,Region4Shanxi_to_EastChinaSea_CO2_Pipeline,Region4Shanxi,CO2Captured,TRUE,TRUE,FALSE,FALSE,TRUE,co2_captured_Region4Shanxi,co2_transported_Region4Shanxi_to_EastChinaSea,1485.0,0,81.319508,0,4.071652,0.08,25,15,0.0
OneWayTransmissionLink,Region4Shanxi_to_PearlRiverMouth_CO2_Pipeline,Region4Shanxi,CO2Captured,TRUE,TRUE,FALSE,FALSE,TRUE,co2_captured_Region4Shanxi,co2_transported_Region4Shanxi_to_PearlRiverMouth,1928.7,0,82.605133,0,4.136023,0.08,25,15,0.0
OneWayTransmissionLink,Region4Shanxi_to_BeibugGulf_CO2_Pipeline,Region4Shanxi,CO2Captured,TRUE,TRUE,FALSE,FALSE,TRUE,co2_captured_Region4Shanxi,co2_transported_Region4Shanxi_to_BeibugGulf,1974.7,0,82.722037,0,4.141876,0.08,25,15,0.0
OneWayTransmissionLink,Region4Shanxi_to_Qiongdongnan_CO2_Pipeline,Region4Shanxi,CO2Captured,TRUE,TRUE,FALSE,FALSE,TRUE,co2_captured_Region4Shanxi,co2_transported_Region4Shanxi_to_Qiongdongnan,2228.7,0,83.324795,0,4.172056,0.08,25,15,0.0
OneWayTransmissionLink,Region5Innermongolia_to_Songliao_CO2_Pipeline,Region5Innermongolia,CO2Captured,TRUE,TRUE,FALSE,FALSE,TRUE,co2_captured_Region5Innermongolia,co2_transported_Region5Innermongolia_to_Songliao,1138.7,0,80.03422,0,4.007298,0.08,25,15,0.0
OneWayTransmissionLink,Region5Innermongolia_to_TurpanHami_CO2_Pipeline,Region5Innermongolia,CO2Captured,TRUE,TRUE,FALSE,FALSE,TRUE,co2_captured_Region5Innermongolia,co2_transported_Region5Innermongolia_to_TurpanHami,1661.5,0,81.869319,0,4.099181,0.08,25,15,0.0
OneWayTransmissionLink,Region5Innermongolia_to_Subei_CO2_Pipeline,Region5Innermongolia,CO2Captured,TRUE,TRUE,FALSE,FALSE,TRUE,co2_captured_Region5Innermongolia,co2_transported_Region5Innermongolia_to_Subei,1128.3,0,79.990172,0,4.005092,0.08,25,15,0.0
OneWayTransmissionLink,Region5Innermongolia_to_BohaiOnshore_CO2_Pipeline,Region5Innermongolia,CO2Captured,TRUE,TRUE,FALSE,FALSE,TRUE,co2_captured_Region5Innermongolia,co2_transported_Region5Innermongolia_to_BohaiOnshore,539.9,0,76.52969,0,3.831827,0.08,25,15,0.0
OneWayTransmissionLink,Region5Innermongolia_to_Qaidam_CO2_Pipeline,Region5Innermongolia,CO2Captured,TRUE,TRUE,FALSE,FALSE,TRUE,co2_captured_Region5Innermongolia,co2_transported_Region5Innermongolia_to_Qaidam,1568.5,0,81.586861,0,4.085038,0.08,25,15,0.0
OneWayTransmissionLink,Region5Innermongolia_to_Nanxiang_CO2_Pipeline,Region5Innermongolia,CO2Captured,TRUE,TRUE,FALSE,FALSE,TRUE,co2_captured_Region5Innermongolia,co2_transported_Region5Innermongolia_to_Nanxiang,912.3,0,78.976779,0,3.954352,0.08,25,15,0.0
OneWayTransmissionLink,Region5Innermongolia_to_Sanjiang_CO2_Pipeline,Region5Innermongolia,CO2Captured,TRUE,TRUE,FALSE,FALSE,TRUE,co2_captured_Region5Innermongolia,co2_transported_Region5Innermongolia_to_Sanjiang,1754.2,0,82.136445,0,4.112556,0.08,25,15,0.0
OneWayTransmissionLink,Region5Innermongolia_to_Hailar_CO2_Pipeline,Region5Innermongolia,CO2Captured,TRUE,TRUE,FALSE,FALSE,TRUE,co2_captured_Region5Innermongolia,co2_transported_Region5Innermongolia_to_Hailar,1044.5,0,79.62064,0,3.98659,0.08,25,15,0.0
OneWayTransmissionLink,Region5Innermongolia_to_Jianghan_CO2_Pipeline,Region5Innermongolia,CO2Captured,TRUE,TRUE,FALSE,FALSE,TRUE,co2_captured_Region5Innermongolia,co2_transported_Region5Innermongolia_to_Jianghan,1154.8,0,80.101668,0,4.010675,0.08,25,15,0.0
OneWayTransmissionLink,Region5Innermongolia_to_Tarim_CO2_Pipeline,Region5Innermongolia,CO2Captured,TRUE,TRUE,FALSE,FALSE,TRUE,co2_captured_Region5Innermongolia,co2_transported_Region5Innermongolia_to_Tarim,2500.6,0,83.902289,0,4.200971,0.08,25,15,0.0
OneWayTransmissionLink,Region5Innermongolia_to_Ordos_CO2_Pipeline,Region5Innermongolia,CO2Captured,TRUE,TRUE,FALSE,FALSE,TRUE,co2_captured_Region5Innermongolia,co2_transported_Region5Innermongolia_to_Ordos,447.8,0,75.675657,0,3.789065,0.08,25,15,0.0
OneWayTransmissionLink,Region5Innermongolia_to_YingenEjina_CO2_Pipeline,Region5Innermongolia,CO2Captured,TRUE,TRUE,FALSE,FALSE,TRUE,co2_captured_Region5Innermongolia,co2_transported_Region5Innermongolia_to_YingenEjina,862.2,0,78.709587,0,3.940974,0.08,25,15,0.0
OneWayTransmissionLink,Region5Innermongolia_to_Hehuai_CO2_Pipeline,Region5Innermongolia,CO2Captured,TRUE,TRUE,FALSE,FALSE,TRUE,co2_captured_Region5Innermongolia,co2_transported_Region5Innermongolia_to_Hehuai,809.9,0,78.414619,0,3.926205,0.08,25,15,0.0
OneWayTransmissionLink,Region5Innermongolia_to_Qinshui_CO2_Pipeline,Region5Innermongolia,CO2Captured,TRUE,TRUE,FALSE,FALSE,TRUE,co2_captured_Region5Innermongolia,co2_transported_Region5Innermongolia_to_Qinshui,460.1,0,75.798793,0,3.795231,0.08,25,15,0.0
OneWayTransmissionLink,Region5Innermongolia_to_Erlian_CO2_Pipeline,Region5Innermongolia,CO2Captured,TRUE,TRUE,FALSE,FALSE,TRUE,co2_captured_Region5Innermongolia,co2_transported_Region5Innermongolia_to_Erlian,475.7,0,75.950589,0,3.802831,0.08,25,15,0.0
OneWayTransmissionLink,Region5Innermongolia_to_Junggar_CO2_Pipeline,Region5Innermongolia,CO2Captured,TRUE,TRUE,FALSE,FALSE,TRUE,co2_captured_Region5Innermongolia,co2_transported_Region5Innermongolia_to_Junggar,2053.2,0,82.915749,0,4.151575,0.08,25,15,0.0
OneWayTransmissionLink,Region5Innermongolia_to_SichuanBasin_CO2_Pipeline,Region5Innermongolia,CO2Captured,TRUE,TRUE,FALSE,FALSE,TRUE,co2_captured_Region5Innermongolia,co2_transported_Region5Innermongolia_to_SichuanBasin,1274.8,0,80.578222,0,4.034536,0.08,25,15,0.0
OneWayTransmissionLink,Region5Innermongolia_to_BohaiOffshore_CO2_Pipeline,Region5Innermongolia,CO2Captured,TRUE,TRUE,FALSE,FALSE,TRUE,co2_captured_Region5Innermongolia,co2_transported_Region5Innermongolia_to_BohaiOffshore,709.0,0,77.791103,0,3.894985,0.08,25,15,0.0
OneWayTransmissionLink,Region5Innermongolia_to_NorthYellowSea_CO2_Pipeline,Region5Innermongolia,CO2Captured,TRUE,TRUE,FALSE,FALSE,TRUE,co2_captured_Region5Innermongolia,co2_transported_Region5Innermongolia_to_NorthYellowSea,1025.2,0,79.531591,0,3.982131,0.08,25,15,0.0
OneWayTransmissionLink,Region5Innermongolia_to_SouthYellowSea_CO2_Pipeline,Region5Innermongolia,CO2Captured,TRUE,TRUE,FALSE,FALSE,TRUE,co2_captured_Region5Innermongolia,co2_transported_Region5Innermongolia_to_SouthYellowSea,1140.9,0,80.043489,0,4.007762,0.08,25,15,0.0
OneWayTransmissionLink,Region5Innermongolia_to_EastChinaSea_CO2_Pipeline,Region5Innermongolia,CO2Captured,TRUE,TRUE,FALSE,FALSE,TRUE,co2_captured_Region5Innermongolia,co2_transported_Region5Innermongolia_to_EastChinaSea,1747.7,0,82.118152,0,4.11164,0.08,25,15,0.0
OneWayTransmissionLink,Region5Innermongolia_to_PearlRiverMouth_CO2_Pipeline,Region5Innermongolia,CO2Captured,TRUE,TRUE,FALSE,FALSE,TRUE,co2_captured_Region5Innermongolia,co2_transported_Region5Innermongolia_to_PearlRiverMouth,2262.2,0,83.399417,0,4.175793,0.08,25,15,0.0
OneWayTransmissionLink,Region5Innermongolia_to_BeibugGulf_CO2_Pipeline,Region5Innermongolia,CO2Captured,TRUE,TRUE,FALSE,FALSE,TRUE,co2_captured_Region5Innermongolia,co2_transported_Region5Innermongolia_to_BeibugGulf,2288.4,0,83.457058,0,4.178679,0.08,25,15,0.0
OneWayTransmissionLink,Region5Innermongolia_to_Qiongdongnan_CO2_Pipeline,Region5Innermongolia,CO2Captured,TRUE,TRUE,FALSE,FALSE,TRUE,co2_captured_Region5Innermongolia,co2_transported_Region5Innermongolia_to_Qiongdongnan,2550.7,0,84.002211,0,4.205974,0.08,25,15,0.0
OneWayTransmissionLink,Region6Liaoning_to_Songliao_CO2_Pipeline,Region6Liaoning,CO2Captured,TRUE,TRUE,FALSE,FALSE,TRUE,co2_captured_Region6Liaoning,co2_transported_Region6Liaoning_to_Songliao,420.7,0,62.510464,0,3.129887,0.08,25,15,0.0
OneWayTransmissionLink,Region6Liaoning_to_TurpanHami_CO2_Pipeline,Region6Liaoning,CO2Captured,TRUE,TRUE,FALSE,FALSE,TRUE,co2_captured_Region6Liaoning,co2_transported_Region6Liaoning_to_TurpanHami,2585.0,0,69.70469,0,3.4901,0.08,25,15,0.0
OneWayTransmissionLink,Region6Liaoning_to_Subei_CO2_Pipeline,Region6Liaoning,CO2Captured,TRUE,TRUE,FALSE,FALSE,TRUE,co2_captured_Region6Liaoning,co2_transported_Region6Liaoning_to_Subei,987.3,0,65.793247,0,3.294255,0.08,25,15,0.0
OneWayTransmissionLink,Region6Liaoning_to_BohaiOnshore_CO2_Pipeline,Region6Liaoning,CO2Captured,TRUE,TRUE,FALSE,FALSE,TRUE,co2_captured_Region6Liaoning,co2_transported_Region6Liaoning_to_BohaiOnshore,679.9,0,64.337039,0,3.221343,0.08,25,15,0.0
OneWayTransmissionLink,Region6Liaoning_to_Qaidam_CO2_Pipeline,Region6Liaoning,CO2Captured,TRUE,TRUE,FALSE,FALSE,TRUE,co2_captured_Region6Liaoning,co2_transported_Region6Liaoning_to_Qaidam,2547.8,0,69.644094,0,3.487066,0.08,25,15,0.0
OneWayTransmissionLink,Region6Liaoning_to_Nanxiang_CO2_Pipeline,Region6Liaoning,CO2Captured,TRUE,TRUE,FALSE,FALSE,TRUE,co2_captured_Region6Liaoning,co2_transported_Region6Liaoning_to_Nanxiang,1411.0,0,67.218063,0,3.365595,0.08,25,15,0.0
OneWayTransmissionLink,Region6Liaoning_to_Sanjiang_CO2_Pipeline,Region6Liaoning,CO2Captured,TRUE,TRUE,FALSE,FALSE,TRUE,co2_captured_Region6Liaoning,co2_transported_Region6Liaoning_to_Sanjiang,891.8,0,65.392873,0,3.274208,0.08,25,15,0.0
OneWayTransmissionLink,Region6Liaoning_to_Hailar_CO2_Pipeline,Region6Liaoning,CO2Captured,TRUE,TRUE,FALSE,FALSE,TRUE,co2_captured_Region6Liaoning,co2_transported_Region6Liaoning_to_Hailar,876.2,0,65.323668,0,3.270743,0.08,25,15,0.0
OneWayTransmissionLink,Region6Liaoning_to_Jianghan_CO2_Pipeline,Region6Liaoning,CO2Captured,TRUE,TRUE,FALSE,FALSE,TRUE,co2_captured_Region6Liaoning,co2_transported_Region6Liaoning_to_Jianghan,1571.6,0,67.65422,0,3.387434,0.08,25,15,0.0
OneWayTransmissionLink,Region6Liaoning_to_Tarim_CO2_Pipeline,Region6Liaoning,CO2Captured,TRUE,TRUE,FALSE,FALSE,TRUE,co2_captured_Region6Liaoning,co2_transported_Region6Liaoning_to_Tarim,3451.1,0,70.923772,0,3.551139,0.08,25,15,0.0
OneWayTransmissionLink,Region6Liaoning_to_Ordos_CO2_Pipeline,Region6Liaoning,CO2Captured,TRUE,TRUE,FALSE,FALSE,TRUE,co2_captured_Region6Liaoning,co2_transported_Region6Liaoning_to_Ordos,1342.8,0,67.018554,0,3.355606,0.08,25,15,0.0
OneWayTransmissionLink,Region6Liaoning_to_YingenEjina_CO2_Pipeline,Region6Liaoning,CO2Captured,TRUE,TRUE,FALSE,FALSE,TRUE,co2_captured_Region6Liaoning,co2_transported_Region6Liaoning_to_YingenEjina,1817.5,0,68.246885,0,3.417108,0.08,25,15,0.0
OneWayTransmissionLink,Region6Liaoning_to_Hehuai_CO2_Pipeline,Region6Liaoning,CO2Captured,TRUE,TRUE,FALSE,FALSE,TRUE,co2_captured_Region6Liaoning,co2_transported_Region6Liaoning_to_Hehuai,1139.2,0,66.36061,0,3.322663,0.08,25,15,0.0
OneWayTransmissionLink,Region6Liaoning_to_Qinshui_CO2_Pipeline,Region6Liaoning,CO2Captured,TRUE,TRUE,FALSE,FALSE,TRUE,co2_captured_Region6Liaoning,co2_transported_Region6Liaoning_to_Qinshui,1100.5,0,66.223141,0,3.31578,0.08,25,15,0.0
OneWayTransmissionLink,Region6Liaoning_to_Erlian_CO2_Pipeline,Region6Liaoning,CO2Captured,TRUE,TRUE,FALSE,FALSE,TRUE,co2_captured_Region6Liaoning,co2_transported_Region6Liaoning_to_Erlian,709.0,0,64.499024,0,3.229454,0.08,25,15,0.0
OneWayTransmissionLink,Region6Liaoning_to_Junggar_CO2_Pipeline,Region6Liaoning,CO2Captured,TRUE,TRUE,FALSE,FALSE,TRUE,co2_captured_Region6Liaoning,co2_transported_Region6Liaoning_to_Junggar,2931.9,0,70.23334,0,3.51657,0.08,25,15,0.0
OneWayTransmissionLink,Region6Liaoning_to_SichuanBasin_CO2_Pipeline,Region6Liaoning,CO2Captured,TRUE,TRUE,FALSE,FALSE,TRUE,co2_captured_Region6Liaoning,co2_transported_Region6Liaoning_to_SichuanBasin,2013.4,0,68.667332,0,3.43816,0.08,25,15,0.0
OneWayTransmissionLink,Region6Liaoning_to_BohaiOffshore_CO2_Pipeline,Region6Liaoning,CO2Captured,TRUE,TRUE,FALSE,FALSE,TRUE,co2_captured_Region6Liaoning,co2_transported_Region6Liaoning_to_BohaiOffshore,440.9,0,62.686609,0,3.138706,0.08,25,15,0.0
OneWayTransmissionLink,Region6Liaoning_to_NorthYellowSea_CO2_Pipeline,Region6Liaoning,CO2Captured,TRUE,TRUE,FALSE,FALSE,TRUE,co2_captured_Region6Liaoning,co2_transported_Region6Liaoning_to_NorthYellowSea,384.5,0,62.173906,0,3.113035,0.08,25,15,0.0
OneWayTransmissionLink,Region6Liaoning_to_SouthYellowSea_CO2_Pipeline,Region6Liaoning,CO2Captured,TRUE,TRUE,FALSE,FALSE,TRUE,co2_captured_Region6Liaoning,co2_transported_Region6Liaoning_to_SouthYellowSea,686.1,0,64.372091,0,3.223098,0.08,25,15,0.0
OneWayTransmissionLink,Region6Liaoning_to_EastChinaSea_CO2_Pipeline,Region6Liaoning,CO2Captured,TRUE,TRUE,FALSE,FALSE,TRUE,co2_captured_Region6Liaoning,co2_transported_Region6Liaoning_to_EastChinaSea,1402.5,0,67.193698,0,3.364375,0.08,25,15,0.0
OneWayTransmissionLink,Region6Liaoning_to_PearlRiverMouth_CO2_Pipeline,Region6Liaoning,CO2Captured,TRUE,TRUE,FALSE,FALSE,TRUE,co2_captured_Region6Liaoning,co2_transported_Region6Liaoning_to_PearlRiverMouth,2498.6,0,69.562659,0,3.482989,0.08,25,15,0.0
OneWayTransmissionLink,Region6Liaoning_to_BeibugGulf_CO2_Pipeline,Region6Liaoning,CO2Captured,TRUE,TRUE,FALSE,FALSE,TRUE,co2_captured_Region6Liaoning,co2_transported_Region6Liaoning_to_BeibugGulf,2736.5,0,69.943297,0,3.502047,0.08,25,15,0.0
OneWayTransmissionLink,Region6Liaoning_to_Qiongdongnan_CO2_Pipeline,Region6Liaoning,CO2Captured,TRUE,TRUE,FALSE,FALSE,TRUE,co2_captured_Region6Liaoning,co2_transported_Region6Liaoning_to_Qiongdongnan,2924.2,0,70.222259,0,3.516015,0.08,25,15,0.0
OneWayTransmissionLink,Region7Jilin_to_Songliao_CO2_Pipeline,Region7Jilin,CO2Captured,TRUE,TRUE,FALSE,FALSE,TRUE,co2_captured_Region7Jilin,co2_transported_Region7Jilin_to_Songliao,202.8,0,59.832679,0,2.995811,0.08,25,15,0.0
OneWayTransmissionLink,Region7Jilin_to_TurpanHami_CO2_Pipeline,Region7Jilin,CO2Captured,TRUE,TRUE,FALSE,FALSE,TRUE,co2_captured_Region7Jilin,co2_transported_Region7Jilin_to_TurpanHami,2692.0,0,69.874526,0,3.498604,0.08,25,15,0.0
OneWayTransmissionLink,Region7Jilin_to_Subei_CO2_Pipeline,Region7Jilin,CO2Captured,TRUE,TRUE,FALSE,FALSE,TRUE,co2_captured_Region7Jilin,co2_transported_Region7Jilin_to_Subei,1257.1,0,66.753887,0,3.342354,0.08,25,15,0.0
OneWayTransmissionLink,Region7Jilin_to_BohaiOnshore_CO2_Pipeline,Region7Jilin,CO2Captured,TRUE,TRUE,FALSE,FALSE,TRUE,co2_captured_Region7Jilin,co2_transported_Region7Jilin_to_BohaiOnshore,943.1,0,65.612689,0,3.285215,0.08,25,15,0.0
OneWayTransmissionLink,Region7Jilin_to_Qaidam_CO2_Pipeline,Region7Jilin,CO2Captured,TRUE,TRUE,FALSE,FALSE,TRUE,co2_captured_Region7Jilin,co2_transported_Region7Jilin_to_Qaidam,2713.4,0,69.90773,0,3.500266,0.08,25,15,0.0
OneWayTransmissionLink,Region7Jilin_to_Nanxiang_CO2_Pipeline,Region7Jilin,CO2Captured,TRUE,TRUE,FALSE,FALSE,TRUE,co2_captured_Region7Jilin,co2_transported_Region7Jilin_to_Nanxiang,1682.0,0,67.930362,0,3.40126,0.08,25,15,0.0
OneWayTransmissionLink,Region7Jilin_to_Sanjiang_CO2_Pipeline,Region7Jilin,CO2Captured,TRUE,TRUE,FALSE,FALSE,TRUE,co2_captured_Region7Jilin,co2_transported_Region7Jilin_to_Sanjiang,625.0,0,64.012851,0,3.205111,0.08,25,15,0.0
OneWayTransmissionLink,Region7Jilin_to_Hailar_CO2_Pipeline,Region7Jilin,CO2Captured,TRUE,TRUE,FALSE,FALSE,TRUE,co2_captured_Region7Jilin,co2_transported_Region7Jilin_to_Hailar,762.0,0,64.778617,0,3.243453,0.08,25,15,0.0
OneWayTransmissionLink,Region7Jilin_to_Jianghan_CO2_Pipeline,Region7Jilin,CO2Captured,TRUE,TRUE,FALSE,FALSE,TRUE,co2_captured_Region7Jilin,co2_transported_Region7Jilin_to_Jianghan,1848.0,0,68.315065,0,3.420522,0.08,25,15,0.0
OneWayTransmissionLink,Region7Jilin_to_Tarim_CO2_Pipeline,Region7Jilin,CO2Captured,TRUE,TRUE,FALSE,FALSE,TRUE,co2_captured_Region7Jilin,co2_transported_Region7Jilin_to_Tarim,3570.4,0,71.068538,0,3.558388,0.08,25,15,0.0
OneWayTransmissionLink,Region7Jilin_to_Ordos_CO2_Pipeline,Region7Jilin,CO2Captured,TRUE,TRUE,FALSE,FALSE,TRUE,co2_captured_Region7Jilin,co2_transported_Region7Jilin_to_Ordos,1562.7,0,67.631171,0,3.38628,0.08,25,15,0.0
OneWayTransmissionLink,Region7Jilin_to_YingenEjina_CO2_Pipeline,Region7Jilin,CO2Captured,TRUE,TRUE,FALSE,FALSE,TRUE,co2_captured_Region7Jilin,co2_transported_Region7Jilin_to_YingenEjina,1958.2,0,68.552894,0,3.43243,0.08,25,15,0.0
OneWayTransmissionLink,Region7Jilin_to_Hehuai_CO2_Pipeline,Region7Jilin,CO2Captured,TRUE,TRUE,FALSE,FALSE,TRUE,co2_captured_Region7Jilin,co2_transported_Region7Jilin_to_Hehuai,1413.9,0,67.226344,0,3.36601,0.08,25,15,0.0
OneWayTransmissionLink,Region7Jilin_to_Qinshui_CO2_Pipeline,Region7Jilin,CO2Captured,TRUE,TRUE,FALSE,FALSE,TRUE,co2_captured_Region7Jilin,co2_transported_Region7Jilin_to_Qinshui,1349.3,0,67.037974,0,3.356578,0.08,25,15,0.0
OneWayTransmissionLink,Region7Jilin_to_Erlian_CO2_Pipeline,Region7Jilin,CO2Captured,TRUE,TRUE,FALSE,FALSE,TRUE,co2_captured_Region7Jilin,co2_transported_Region7Jilin_to_Erlian,798.3,0,64.959749,0,3.252522,0.08,25,15,0.0
OneWayTransmissionLink,Region7Jilin_to_Junggar_CO2_Pipeline,Region7Jilin,CO2Captured,TRUE,TRUE,FALSE,FALSE,TRUE,co2_captured_Region7Jilin,co2_transported_Region7Jilin_to_Junggar,3009.2,0,70.343089,0,3.522065,0.08,25,15,0.0
OneWayTransmissionLink,Region7Jilin_to_SichuanBasin_CO2_Pipeline,Region7Jilin,CO2Captured,TRUE,TRUE,FALSE,FALSE,TRUE,co2_captured_Region7Jilin,co2_transported_Region7Jilin_to_SichuanBasin,2271.4,0,69.165893,0,3.463123,0.08,25,15,0.0
OneWayTransmissionLink,Region7Jilin_to_BohaiOffshore_CO2_Pipeline,Region7Jilin,CO2Captured,TRUE,TRUE,FALSE,FALSE,TRUE,co2_captured_Region7Jilin,co2_transported_Region7Jilin_to_BohaiOffshore,714.4,0,64.528394,0,3.230924,0.08,25,15,0.0
OneWayTransmissionLink,Region7Jilin_to_NorthYellowSea_CO2_Pipeline,Region7Jilin,CO2Captured,TRUE,TRUE,FALSE,FALSE,TRUE,co2_captured_Region7Jilin,co2_transported_Region7Jilin_to_NorthYellowSea,638.6,0,64.095583,0,3.209253,0.08,25,15,0.0
OneWayTransmissionLink,Region7Jilin_to_SouthYellowSea_CO2_Pipeline,Region7Jilin,CO2Captured,TRUE,TRUE,FALSE,FALSE,TRUE,co2_captured_Region7Jilin,co2_transported_Region7Jilin_to_SouthYellowSea,936.8,0,65.586308,0,3.283894,0.08,25,15,0.0
OneWayTransmissionLink,Region7Jilin_to_EastChinaSea_CO2_Pipeline,Region7Jilin,CO2Captured,TRUE,TRUE,FALSE,FALSE,TRUE,co2_captured_Region7Jilin,co2_transported_Region7Jilin_to_EastChinaSea,1629.0,0,67.799991,0,3.394732,0.08,25,15,0.0
OneWayTransmissionLink,Region7Jilin_to_PearlRiverMouth_CO2_Pipeline,Region7Jilin,CO2Captured,TRUE,TRUE,FALSE,FALSE,TRUE,co2_captured_Region7Jilin,co2_transported_Region7Jilin_to_PearlRiverMouth,2772.2,0,69.997712,0,3.504772,0.08,25,15,0.0
OneWayTransmissionLink,Region7Jilin_to_BeibugGulf_CO2_Pipeline,Region7Jilin,CO2Captured,TRUE,TRUE,FALSE,FALSE,TRUE,co2_captured_Region7Jilin,co2_transported_Region7Jilin_to_BeibugGulf,3014.6,0,70.350656,0,3.522444,0.08,25,15,0.0
OneWayTransmissionLink,Region7Jilin_to_Qiongdongnan_CO2_Pipeline,Region7Jilin,CO2Captured,TRUE,TRUE,FALSE,FALSE,TRUE,co2_captured_Region7Jilin,co2_transported_Region7Jilin_to_Qiongdongnan,3201.6,0,70.605152,0,3.535186,0.08,25,15,0.0
OneWayTransmissionLink,Region8Heilongjiang_to_Songliao_CO2_Pipeline,Region8Heilongjiang,CO2Captured,TRUE,TRUE,FALSE,FALSE,TRUE,co2_captured_Region8Heilongjiang,co2_transported_Region8Heilongjiang_to_Songliao,180.0,0,59.406056,0,2.97445,0.08,25,15,0.0
OneWayTransmissionLink,Region8Heilongjiang_to_TurpanHami_CO2_Pipeline,Region8Heilongjiang,CO2Captured,TRUE,TRUE,FALSE,FALSE,TRUE,co2_captured_Region8Heilongjiang,co2_transported_Region8Heilongjiang_to_TurpanHami,2759.5,0,69.97843,0,3.503806,0.08,25,15,0.0
OneWayTransmissionLink,Region8Heilongjiang_to_Subei_CO2_Pipeline,Region8Heilongjiang,CO2Captured,TRUE,TRUE,FALSE,FALSE,TRUE,co2_captured_Region8Heilongjiang,co2_transported_Region8Heilongjiang_to_Subei,1490.6,0,67.439763,0,3.376696,0.08,25,15,0.0
OneWayTransmissionLink,Region8Heilongjiang_to_BohaiOnshore_CO2_Pipeline,Region8Heilongjiang,CO2Captured,TRUE,TRUE,FALSE,FALSE,TRUE,co2_captured_Region8Heilongjiang,co2_transported_Region8Heilongjiang_to_BohaiOnshore,1156.6,0,66.420993,0,3.325686,0.08,25,15,0.0
OneWayTransmissionLink,Region8Heilongjiang_to_Qaidam_CO2_Pipeline,Region8Heilongjiang,CO2Captured,TRUE,TRUE,FALSE,FALSE,TRUE,co2_captured_Region8Heilongjiang,co2_transported_Region8Heilongjiang_to_Qaidam,2830.6,0,70.085323,0,3.509158,0.08,25,15,0.0
OneWayTransmissionLink,Region8Heilongjiang_to_Nanxiang_CO2_Pipeline,Region8Heilongjiang,CO2Captured,TRUE,TRUE,FALSE,FALSE,TRUE,co2_captured_Region8Heilongjiang,co2_transported_Region8Heilongjiang_to_Nanxiang,1899.7,0,68.428256,0,3.426189,0.08,25,15,0.0
OneWayTransmissionLink,Region8Heilongjiang_to_Sanjiang_CO2_Pipeline,Region8Heilongjiang,CO2Captured,TRUE,TRUE,FALSE,FALSE,TRUE,co2_captured_Region8Heilongjiang,co2_transported_Region8Heilongjiang_to_Sanjiang,439.6,0,62.675503,0,3.13815,0.08,25,15,0.0
OneWayTransmissionLink,Region8Heilongjiang_to_Hailar_CO2_Pipeline,Region8Heilongjiang,CO2Captured,TRUE,TRUE,FALSE,FALSE,TRUE,co2_captured_Region8Heilongjiang,co2_transported_Region8Heilongjiang_to_Hailar,693.3,0,64.412424,0,3.225118,0.08,25,15,0.0
OneWayTransmissionLink,Region8Heilongjiang_to_Jianghan_CO2_Pipeline,Region8Heilongjiang,CO2Captured,TRUE,TRUE,FALSE,FALSE,TRUE,co2_captured_Region8Heilongjiang,co2_transported_Region8Heilongjiang_to_Jianghan,2072.8,0,68.787229,0,3.444163,0.08,25,15,0.0
OneWayTransmissionLink,Region8Heilongjiang_to_Tarim_CO2_Pipeline,Region8Heilongjiang,CO2Captured,TRUE,TRUE,FALSE,FALSE,TRUE,co2_captured_Region8Heilongjiang,co2_transported_Region8Heilongjiang_to_Tarim,3643.1,0,71.154543,0,3.562694,0.08,25,15,0.0
OneWayTransmissionLink,Region8Heilongjiang_to_Ordos_CO2_Pipeline,Region8Heilongjiang,CO2Captured,TRUE,TRUE,FALSE,FALSE,TRUE,co2_captured_Region8Heilongjiang,co2_transported_Region8Heilongjiang_to_Ordos,1735.0,0,68.056928,0,3.407597,0.08,25,15,0.0
OneWayTransmissionLink,Region8Heilongjiang_to_YingenEjina_CO2_Pipeline,Region8Heilongjiang,CO2Captured,TRUE,TRUE,FALSE,FALSE,TRUE,co2_captured_Region8Heilongjiang,co2_transported_Region8Heilongjiang_to_YingenEjina,2061.0,0,68.76367,0,3.442984,0.08,25,15,0.0
OneWayTransmissionLink,Region8Heilongjiang_to_Hehuai_CO2_Pipeline,Region8Heilongjiang,CO2Captured,TRUE,TRUE,FALSE,FALSE,TRUE,co2_captured_Region8Heilongjiang,co2_transported_Region8Heilongjiang_to_Hehuai,1636.7,0,67.819177,0,3.395693,0.08,25,15,0.0
OneWayTransmissionLink,Region8Heilongjiang_to_Qinshui_CO2_Pipeline,Region8Heilongjiang,CO2Captured,TRUE,TRUE,FALSE,FALSE,TRUE,co2_captured_Region8Heilongjiang,co2_transported_Region8Heilongjiang_to_Qinshui,1547.4,0,67.591257,0,3.384281,0.08,25,15,0.0
OneWayTransmissionLink,Region8Heilongjiang_to_Erlian_CO2_Pipeline,Region8Heilongjiang,CO2Captured,TRUE,TRUE,FALSE,FALSE,TRUE,co2_captured_Region8Heilongjiang,co2_transported_Region8Heilongjiang_to_Erlian,897.6,0,65.418313,0,3.275482,0.08,25,15,0.0
OneWayTransmissionLink,Region8Heilongjiang_to_Junggar_CO2_Pipeline,Region8Heilongjiang,CO2Captured,TRUE,TRUE,FALSE,FALSE,TRUE,co2_captured_Region8Heilongjiang,co2_transported_Region8Heilongjiang_to_Junggar,3049.3,0,70.398982,0,3.524863,0.08,25,15,0.0
OneWayTransmissionLink,Region8Heilongjiang_to_SichuanBasin_CO2_Pipeline,Region8Heilongjiang,CO2Captured,TRUE,TRUE,FALSE,FALSE,TRUE,co2_captured_Region8Heilongjiang,co2_transported_Region8Heilongjiang_to_SichuanBasin,2473.7,0,69.520869,0,3.480896,0.08,25,15,0.0
OneWayTransmissionLink,Region8Heilongjiang_to_BohaiOffshore_CO2_Pipeline,Region8Heilongjiang,CO2Captured,TRUE,TRUE,FALSE,FALSE,TRUE,co2_captured_Region8Heilongjiang,co2_transported_Region8Heilongjiang_to_BohaiOffshore,938.5,0,65.593443,0,3.284251,0.08,25,15,0.0
OneWayTransmissionLink,Region8Heilongjiang_to_NorthYellowSea_CO2_Pipeline,Region8Heilongjiang,CO2Captured,TRUE,TRUE,FALSE,FALSE,TRUE,co2_captured_Region8Heilongjiang,co2_transported_Region8Heilongjiang_to_NorthYellowSea,870.6,0,65.298543,0,3.269485,0.08,25,15,0.0
OneWayTransmissionLink,Region8Heilongjiang_to_SouthYellowSea_CO2_Pipeline,Region8Heilongjiang,CO2Captured,TRUE,TRUE,FALSE,FALSE,TRUE,co2_captured_Region8Heilongjiang,co2_transported_Region8Heilongjiang_to_SouthYellowSea,1166.9,0,66.456335,0,3.327456,0.08,25,15,0.0
OneWayTransmissionLink,Region8Heilongjiang_to_EastChinaSea_CO2_Pipeline,Region8Heilongjiang,CO2Captured,TRUE,TRUE,FALSE,FALSE,TRUE,co2_captured_Region8Heilongjiang,co2_transported_Region8Heilongjiang_to_EastChinaSea,1847.6,0,68.314178,0,3.420478,0.08,25,15,0.0
OneWayTransmissionLink,Region8Heilongjiang_to_PearlRiverMouth_CO2_Pipeline,Region8Heilongjiang,CO2Captured,TRUE,TRUE,FALSE,FALSE,TRUE,co2_captured_Region8Heilongjiang,co2_transported_Region8Heilongjiang_to_PearlRiverMouth,3005.7,0,70.338177,0,3.521819,0.08,25,15,0.0
OneWayTransmissionLink,Region8Heilongjiang_to_BeibugGulf_CO2_Pipeline,Region8Heilongjiang,CO2Captured,TRUE,TRUE,FALSE,FALSE,TRUE,co2_captured_Region8Heilongjiang,co2_transported_Region8Heilongjiang_to_BeibugGulf,3244.0,0,70.660909,0,3.537978,0.08,25,15,0.0
OneWayTransmissionLink,Region8Heilongjiang_to_Qiongdongnan_CO2_Pipeline,Region8Heilongjiang,CO2Captured,TRUE,TRUE,FALSE,FALSE,TRUE,co2_captured_Region8Heilongjiang,co2_transported_Region8Heilongjiang_to_Qiongdongnan,3433.7,0,70.902265,0,3.550063,0.08,25,15,0.0
OneWayTransmissionLink,Region9Shanghai_to_Songliao_CO2_Pipeline,Region9Shanghai,CO2Captured,TRUE,TRUE,FALSE,FALSE,TRUE,co2_captured_Region9Shanghai,co2_transported_Region9Shanghai_to_Songliao,1609.4,0,82.620892,0,4.136812,0.08,25,15,0.0
OneWayTransmissionLink,Region9Shanghai_to_TurpanHami_CO2_Pipeline,Region9Shanghai,CO2Captured,TRUE,TRUE,FALSE,FALSE,TRUE,co2_captured_Region9Shanghai,co2_transported_Region9Shanghai_to_TurpanHami,2906.7,0,85.603998,0,4.286176,0.08,25,15,0.0
OneWayTransmissionLink,Region9Shanghai_to_Subei_CO2_Pipeline,Region9Shanghai,CO2Captured,TRUE,TRUE,FALSE,FALSE,TRUE,co2_captured_Region9Shanghai,co2_transported_Region9Shanghai_to_Subei,253.4,0,73.946638,0,3.702494,0.08,25,15,0.0
OneWayTransmissionLink,Region9Shanghai_to_BohaiOnshore_CO2_Pipeline,Region9Shanghai,CO2Captured,TRUE,TRUE,FALSE,FALSE,TRUE,co2_captured_Region9Shanghai,co2_transported_Region9Shanghai_to_BohaiOnshore,870.2,0,79.628252,0,3.986971,0.08,25,15,0.0
OneWayTransmissionLink,Region9Shanghai_to_Qaidam_CO2_Pipeline,Region9Shanghai,CO2Captured,TRUE,TRUE,FALSE,FALSE,TRUE,co2_captured_Region9Shanghai,co2_transported_Region9Shanghai_to_Qaidam,2599.3,0,85.03181,0,4.257526,0.08,25,15,0.0
OneWayTransmissionLink,Region9Shanghai_to_Nanxiang_CO2_Pipeline,Region9Shanghai,CO2Captured,TRUE,TRUE,FALSE,FALSE,TRUE,co2_captured_Region9Shanghai,co2_transported_Region9Shanghai_to_Nanxiang,871.0,0,79.632642,0,3.987191,0.08,25,15,0.0
OneWayTransmissionLink,Region9Shanghai_to_Sanjiang_CO2_Pipeline,Region9Shanghai,CO2Captured,TRUE,TRUE,FALSE,FALSE,TRUE,co2_captured_Region9Shanghai,co2_transported_Region9Shanghai_to_Sanjiang,1970.5,0,83.630487,0,4.187362,0.08,25,15,0.0
OneWayTransmissionLink,Region9Shanghai_to_Hailar_CO2_Pipeline,Region9Shanghai,CO2Captured,TRUE,TRUE,FALSE,FALSE,TRUE,co2_captured_Region9Shanghai,co2_transported_Region9Shanghai_to_Hailar,1980.3,0,83.655384,0,4.188609,0.08,25,15,0.0
OneWayTransmissionLink,Region9Shanghai_to_Jianghan_CO2_Pipeline,Region9Shanghai,CO2Captured,TRUE,TRUE,FALSE,FALSE,TRUE,co2_captured_Region9Shanghai,co2_transported_Region9Shanghai_to_Jianghan,820.6,0,79.348355,0,3.972957,0.08,25,15,0.0
OneWayTransmissionLink,Region9Shanghai_to_Tarim_CO2_Pipeline,Region9Shanghai,CO2Captured,TRUE,TRUE,FALSE,FALSE,TRUE,co2_captured_Region9Shanghai,co2_transported_Region9Shanghai_to_Tarim,3639.7,0,86.766878,0,4.344401,0.08,25,15,0.0
OneWayTransmissionLink,Region9Shanghai_to_Ordos_CO2_Pipeline,Region9Shanghai,CO2Captured,TRUE,TRUE,FALSE,FALSE,TRUE,co2_captured_Region9Shanghai,co2_transported_Region9Shanghai_to_Ordos,1363.6,0,81.803382,0,4.095879,0.08,25,15,0.0
OneWayTransmissionLink,Region9Shanghai_to_YingenEjina_CO2_Pipeline,Region9Shanghai,CO2Captured,TRUE,TRUE,FALSE,FALSE,TRUE,co2_captured_Region9Shanghai,co2_transported_Region9Shanghai_to_YingenEjina,2113.9,0,83.983719,0,4.205048,0.08,25,15,0.0
OneWayTransmissionLink,Region9Shanghai_to_Hehuai_CO2_Pipeline,Region9Shanghai,CO2Captured,TRUE,TRUE,FALSE,FALSE,TRUE,co2_captured_Region9Shanghai,co2_transported_Region9Shanghai_to_Hehuai,679.9,0,78.457911,0,3.928372,0.08,25,15,0.0
OneWayTransmissionLink,Region9Shanghai_to_Qinshui_CO2_Pipeline,Region9Shanghai,CO2Captured,TRUE,TRUE,FALSE,FALSE,TRUE,co2_captured_Region9Shanghai,co2_transported_Region9Shanghai_to_Qinshui,1030.6,0,80.440627,0,4.027646,0.08,25,15,0.0
OneWayTransmissionLink,Region9Shanghai_to_Erlian_CO2_Pipeline,Region9Shanghai,CO2Captured,TRUE,TRUE,FALSE,FALSE,TRUE,co2_captured_Region9Shanghai,co2_transported_Region9Shanghai_to_Erlian,1537.5,0,82.394637,0,4.125483,0.08,25,15,0.0
OneWayTransmissionLink,Region9Shanghai_to_Junggar_CO2_Pipeline,Region9Shanghai,CO2Captured,TRUE,TRUE,FALSE,FALSE,TRUE,co2_captured_Region9Shanghai,co2_transported_Region9Shanghai_to_Junggar,3339.7,0,86.320209,0,4.322036,0.08,25,15,0.0
OneWayTransmissionLink,Region9Shanghai_to_SichuanBasin_CO2_Pipeline,Region9Shanghai,CO2Captured,TRUE,TRUE,FALSE,FALSE,TRUE,co2_captured_Region9Shanghai,co2_transported_Region9Shanghai_to_SichuanBasin,1482.5,0,82.214746,0,4.116476,0.08,25,15,0.0
OneWayTransmissionLink,Region9Shanghai_to_BohaiOffshore_CO2_Pipeline,Region9Shanghai,CO2Captured,TRUE,TRUE,FALSE,FALSE,TRUE,co2_captured_Region9Shanghai,co2_transported_Region9Shanghai_to_BohaiOffshore,879.0,0,79.676339,0,3.989379,0.08,25,15,0.0
OneWayTransmissionLink,Region9Shanghai_to_NorthYellowSea_CO2_Pipeline,Region9Shanghai,CO2Captured,TRUE,TRUE,FALSE,FALSE,TRUE,co2_captured_Region9Shanghai,co2_transported_Region9Shanghai_to_NorthYellowSea,809.0,0,79.280604,0,3.969564,0.08,25,15,0.0
OneWayTransmissionLink,Region9Shanghai_to_SouthYellowSea_CO2_Pipeline,Region9Shanghai,CO2Captured,TRUE,TRUE,FALSE,FALSE,TRUE,co2_captured_Region9Shanghai,co2_transported_Region9Shanghai_to_SouthYellowSea,512.2,0,77.135875,0,3.862178,0.08,25,15,0.0
OneWayTransmissionLink,Region9Shanghai_to_EastChinaSea_CO2_Pipeline,Region9Shanghai,CO2Captured,TRUE,TRUE,FALSE,FALSE,TRUE,co2_captured_Region9Shanghai,co2_transported_Region9Shanghai_to_EastChinaSea,389.7,0,75.881143,0,3.799354,0.08,25,15,0.0
OneWayTransmissionLink,Region9Shanghai_to_PearlRiverMouth_CO2_Pipeline,Region9Shanghai,CO2Captured,TRUE,TRUE,FALSE,FALSE,TRUE,co2_captured_Region9Shanghai,co2_transported_Region9Shanghai_to_PearlRiverMouth,1366.0,0,81.812013,0,4.096312,0.08,25,15,0.0
OneWayTransmissionLink,Region9Shanghai_to_BeibugGulf_CO2_Pipeline,Region9Shanghai,CO2Captured,TRUE,TRUE,FALSE,FALSE,TRUE,co2_captured_Region9Shanghai,co2_transported_Region9Shanghai_to_BeibugGulf,1724.6,0,82.964317,0,4.154007,0.08,25,15,0.0
OneWayTransmissionLink,Region9Shanghai_to_Qiongdongnan_CO2_Pipeline,Region9Shanghai,CO2Captured,TRUE,TRUE,FALSE,FALSE,TRUE,co2_captured_Region9Shanghai,co2_transported_Region9Shanghai_to_Qiongdongnan,1843.1,0,83.295775,0,4.170603,0.08,25,15,0.0
OneWayTransmissionLink,Region10Jiangsu_to_Songliao_CO2_Pipeline,Region10Jiangsu,CO2Captured,TRUE,TRUE,FALSE,FALSE,TRUE,co2_captured_Region10Jiangsu,co2_transported_Region10Jiangsu_to_Songliao,1570.8,0,82.500635,0,4.130791,0.08,25,15,0.0
OneWayTransmissionLink,Region10Jiangsu_to_TurpanHami_CO2_Pipeline,Region10Jiangsu,CO2Captured,TRUE,TRUE,FALSE,FALSE,TRUE,co2_captured_Region10Jiangsu,co2_transported_Region10Jiangsu_to_TurpanHami,2645.6,0,85.121935,0,4.262039,0.08,25,15,0.0
OneWayTransmissionLink,Region10Jiangsu_to_Subei_CO2_Pipeline,Region10Jiangsu,CO2Captured,TRUE,TRUE,FALSE,FALSE,TRUE,co2_captured_Region10Jiangsu,co2_transported_Region10Jiangsu_to_Subei,195.2,0,72.797896,0,3.644976,0.08,25,15,0.0
OneWayTransmissionLink,Region10Jiangsu_to_BohaiOnshore_CO2_Pipeline,Region10Jiangsu,CO2Captured,TRUE,TRUE,FALSE,FALSE,TRUE,co2_captured_Region10Jiangsu,co2_transported_Region10Jiangsu_to_BohaiOnshore,696.3,0,78.570193,0,3.933994,0.08,25,15,0.0
OneWayTransmissionLink,Region10Jiangsu_to_Qaidam_CO2_Pipeline,Region10Jiangsu,CO2Captured,TRUE,TRUE,FALSE,FALSE,TRUE,co2_captured_Region10Jiangsu,co2_transported_Region10Jiangsu_to_Qaidam,2329.9,0,84.475403,0,4.229667,0.08,25,15,0.0
OneWayTransmissionLink,Region10Jiangsu_to_Nanxiang_CO2_Pipeline,Region10Jiangsu,CO2Captured,TRUE,TRUE,FALSE,FALSE,TRUE,co2_captured_Region10Jiangsu,co2_transported_Region10Jiangsu_to_Nanxiang,605.2,0,77.911932,0,3.901035,0.08,25,15,0.0
OneWayTransmissionLink,Region10Jiangsu_to_Sanjiang_CO2_Pipeline,Region10Jiangsu,CO2Captured,TRUE,TRUE,FALSE,FALSE,TRUE,co2_captured_Region10Jiangsu,co2_transported_Region10Jiangsu_to_Sanjiang,2004.3,0,83.715871,0,4.191637,0.08,25,15,0.0
OneWayTransmissionLink,Region10Jiangsu_to_Hailar_CO2_Pipeline,Region10Jiangsu,CO2Captured,TRUE,TRUE,FALSE,FALSE,TRUE,co2_captured_Region10Jiangsu,co2_transported_Region10Jiangsu_to_Hailar,1872.7,0,83.375438,0,4.174592,0.08,25,15,0.0
OneWayTransmissionLink,Region10Jiangsu_to_Jianghan_CO2_Pipeline,Region10Jiangsu,CO2Captured,TRUE,TRUE,FALSE,FALSE,TRUE,co2_captured_Region10Jiangsu,co2_transported_Region10Jiangsu_to_Jianghan,585.6,0,77.758183,0,3.893337,0.08,25,15,0.0
OneWayTransmissionLink,Region10Jiangsu_to_Tarim_CO2_Pipeline,Region10Jiangsu,CO2Captured,TRUE,TRUE,FALSE,FALSE,TRUE,co2_captured_Region10Jiangsu,co2_transported_Region10Jiangsu_to_Tarim,3371.0,0,86.368537,0,4.324456,0.08,25,15,0.0
OneWayTransmissionLink,Region10Jiangsu_to_Ordos_CO2_Pipeline,Region10Jiangsu,CO2Captured,TRUE,TRUE,FALSE,FALSE,TRUE,co2_captured_Region10Jiangsu,co2_transported_Region10Jiangsu_to_Ordos,1103.5,0,80.771171,0,4.044197,0.08,25,15,0.0
OneWayTransmissionLink,Region10Jiangsu_to_YingenEjina_CO2_Pipeline,Region10Jiangsu,CO2Captured,TRUE,TRUE,FALSE,FALSE,TRUE,co2_captured_Region10Jiangsu,co2_transported_Region10Jiangsu_to_YingenEjina,1858.5,0,83.33737,0,4.172686,0.08,25,15,0.0
OneWayTransmissionLink,Region10Jiangsu_to_Hehuai_CO2_Pipeline,Region10Jiangsu,CO2Captured,TRUE,TRUE,FALSE,FALSE,TRUE,co2_captured_Region10Jiangsu,co2_transported_Region10Jiangsu_to_Hehuai,414.4,0,76.161453,0,3.813389,0.08,25,15,0.0
OneWayTransmissionLink,Region10Jiangsu_to_Qinshui_CO2_Pipeline,Region10Jiangsu,CO2Captured,TRUE,TRUE,FALSE,FALSE,TRUE,co2_captured_Region10Jiangsu,co2_transported_Region10Jiangsu_to_Qinshui,778.5,0,79.09801,0,3.960422,0.08,25,15,0.0
OneWayTransmissionLink,Region10Jiangsu_to_Erlian_CO2_Pipeline,Region10Jiangsu,CO2Captured,TRUE,TRUE,FALSE,FALSE,TRUE,co2_captured_Region10Jiangsu,co2_transported_Region10Jiangsu_to_Erlian,1381.8,0,81.868484,0,4.099139,0.08,25,15,0.0
OneWayTransmissionLink,Region10Jiangsu_to_Junggar_CO2_Pipeline,Region10Jiangsu,CO2Captured,TRUE,TRUE,FALSE,FALSE,TRUE,co2_captured_Region10Jiangsu,co2_transported_Region10Jiangsu_to_Junggar,3081.8,0,85.904973,0,4.301245,0.08,25,15,0.0
OneWayTransmissionLink,Region10Jiangsu_to_SichuanBasin_CO2_Pipeline,Region10Jiangsu,CO2Captured,TRUE,TRUE,FALSE,FALSE,TRUE,co2_captured_Region10Jiangsu,co2_transported_Region10Jiangsu_to_SichuanBasin,1233.3,0,81.31191,0,4.071271,0.08,25,15,0.0
OneWayTransmissionLink,Region10Jiangsu_to_BohaiOffshore_CO2_Pipeline,Region10Jiangsu,CO2Captured,TRUE,TRUE,FALSE,FALSE,TRUE,co2_captured_Region10Jiangsu,co2_transported_Region10Jiangsu_to_BohaiOffshore,777.2,0,79.090078,0,3.960025,0.08,25,15,0.0
OneWayTransmissionLink,Region10Jiangsu_to_NorthYellowSea_CO2_Pipeline,Region10Jiangsu,CO2Captured,TRUE,TRUE,FALSE,FALSE,TRUE,co2_captured_Region10Jiangsu,co2_transported_Region10Jiangsu_to_NorthYellowSea,810.0,0,79.28648,0,3.969859,0.08,25,15,0.0
OneWayTransmissionLink,Region10Jiangsu_to_SouthYellowSea_CO2_Pipeline,Region10Jiangsu,CO2Captured,TRUE,TRUE,FALSE,FALSE,TRUE,co2_captured_Region10Jiangsu,co2_transported_Region10Jiangsu_to_SouthYellowSea,560.0,0,77.549914,0,3.882909,0.08,25,15,0.0
OneWayTransmissionLink,Region10Jiangsu_to_EastChinaSea_CO2_Pipeline,Region10Jiangsu,CO2Captured,TRUE,TRUE,FALSE,FALSE,TRUE,co2_captured_Region10Jiangsu,co2_transported_Region10Jiangsu_to_EastChinaSea,655.3,0,78.28462,0,3.919696,0.08,25,15,0.0
OneWayTransmissionLink,Region10Jiangsu_to_PearlRiverMouth_CO2_Pipeline,Region10Jiangsu,CO2Captured,TRUE,TRUE,FALSE,FALSE,TRUE,co2_captured_Region10Jiangsu,co2_transported_Region10Jiangsu_to_PearlRiverMouth,1339.8,0,81.717004,0,4.091554,0.08,25,15,0.0
OneWayTransmissionLink,Region10Jiangsu_to_BeibugGulf_CO2_Pipeline,Region10Jiangsu,CO2Captured,TRUE,TRUE,FALSE,FALSE,TRUE,co2_captured_Region10Jiangsu,co2_transported_Region10Jiangsu_to_BeibugGulf,1616.5,0,82.642716,0,4.137905,0.08,25,15,0.0
OneWayTransmissionLink,Region10Jiangsu_to_Qiongdongnan_CO2_Pipeline,Region10Jiangsu,CO2Captured,TRUE,TRUE,FALSE,FALSE,TRUE,co2_captured_Region10Jiangsu,co2_transported_Region10Jiangsu_to_Qiongdongnan,1776.5,0,83.112042,0,4.161404,0.08,25,15,0.0
OneWayTransmissionLink,Region11Zhejiang_to_Songliao_CO2_Pipeline,Region11Zhejiang,CO2Captured,TRUE,TRUE,FALSE,FALSE,TRUE,co2_captured_Region11Zhejiang,co2_transported_Region11Zhejiang_to_Songliao,1734.7,0,82.993389,0,4.155463,0.08,25,15,0.0
OneWayTransmissionLink,Region11Zhejiang_to_TurpanHami_CO2_Pipeline,Region11Zhejiang,CO2Captured,TRUE,TRUE,FALSE,FALSE,TRUE,co2_captured_Region11Zhejiang,co2_transported_Region11Zhejiang_to_TurpanHami,2866.4,0,85.532319,0,4.282587,0.08,25,15,0.0
OneWayTransmissionLink,Region11Zhejiang_to_Subei_CO2_Pipeline,Region11Zhejiang,CO2Captured,TRUE,TRUE,FALSE,FALSE,TRUE,co2_captured_Region11Zhejiang,co2_transported_Region11Zhejiang_to_Subei,334.5,0,75.188913,0,3.764694,0.08,25,15,0.0
OneWayTransmissionLink,Region11Zhejiang_to_BohaiOnshore_CO2_Pipeline,Region11Zhejiang,CO2Captured,TRUE,TRUE,FALSE,FALSE,TRUE,co2_captured_Region11Zhejiang,co2_transported_Region11Zhejiang_to_BohaiOnshore,921.9,0,79.904468,0,4.000801,0.08,25,15,0.0
OneWayTransmissionLink,Region11Zhejiang_to_Qaidam_CO2_Pipeline,Region11Zhejiang,CO2Captured,TRUE,TRUE,FALSE,FALSE,TRUE,co2_captured_Region11Zhejiang,co2_transported_Region11Zhejiang_to_Qaidam,2527.9,0,84.889824,0,4.250417,0.08,25,15,0.0
OneWayTransmissionLink,Region11Zhejiang_to_Nanxiang_CO2_Pipeline,Region11Zhejiang,CO2Captured,TRUE,TRUE,FALSE,FALSE,TRUE,co2_captured_Region11Zhejiang,co2_transported_Region11Zhejiang_to_Nanxiang,781.6,0,79.116872,0,3.961366,0.08,25,15,0.0
OneWayTransmissionLink,Region11Zhejiang_to_Sanjiang_CO2_Pipeline,Region11Zhejiang,CO2Captured,TRUE,TRUE,FALSE,FALSE,TRUE,co2_captured_Region11Zhejiang,co2_transported_Region11Zhejiang_to_Sanjiang,2119.9,0,83.998003,0,4.205764,0.08,25,15,0.0
OneWayTransmissionLink,Region11Zhejiang_to_Hailar_CO2_Pipeline,Region11Zhejiang,CO2Captured,TRUE,TRUE,FALSE,FALSE,TRUE,co2_captured_Region11Zhejiang,co2_transported_Region11Zhejiang_to_Hailar,2075.7,0,83.891877,0,4.20045,0.08,25,15,0.0
OneWayTransmissionLink,Region11Zhejiang_to_Jianghan_CO2_Pipeline,Region11Zhejiang,CO2Captured,TRUE,TRUE,FALSE,FALSE,TRUE,co2_captured_Region11Zhejiang,co2_transported_Region11Zhejiang_to_Jianghan,694.3,0,78.556634,0,3.933315,0.08,25,15,0.0
OneWayTransmissionLink,Region11Zhejiang_to_Tarim_CO2_Pipeline,Region11Zhejiang,CO2Captured,TRUE,TRUE,FALSE,FALSE,TRUE,co2_captured_Region11Zhejiang,co2_transported_Region11Zhejiang_to_Tarim,3573.5,0,86.671371,0,4.339619,0.08,25,15,0.0
OneWayTransmissionLink,Region11Zhejiang_to_Ordos_CO2_Pipeline,Region11Zhejiang,CO2Captured,TRUE,TRUE,FALSE,FALSE,TRUE,co2_captured_Region11Zhejiang,co2_transported_Region11Zhejiang_to_Ordos,1328.4,0,81.675118,0,4.089457,0.08,25,15,0.0
OneWayTransmissionLink,Region11Zhejiang_to_YingenEjina_CO2_Pipeline,Region11Zhejiang,CO2Captured,TRUE,TRUE,FALSE,FALSE,TRUE,co2_captured_Region11Zhejiang,co2_transported_Region11Zhejiang_to_YingenEjina,2085.8,0,83.916314,0,4.201673,0.08,25,15,0.0
OneWayTransmissionLink,Region11Zhejiang_to_Hehuai_CO2_Pipeline,Region11Zhejiang,CO2Captured,TRUE,TRUE,FALSE,FALSE,TRUE,co2_captured_Region11Zhejiang,co2_transported_Region11Zhejiang_to_Hehuai,638.0,0,78.159051,0,3.913408,0.08,25,15,0.0
OneWayTransmissionLink,Region11Zhejiang_to_Qinshui_CO2_Pipeline,Region11Zhejiang,CO2Captured,TRUE,TRUE,FALSE,FALSE,TRUE,co2_captured_Region11Zhejiang,co2_transported_Region11Zhejiang_to_Qinshui,1010.7,0,80.346576,0,4.022937,0.08,25,15,0.0
OneWayTransmissionLink,Region11Zhejiang_to_Erlian_CO2_Pipeline,Region11Zhejiang,CO2Captured,TRUE,TRUE,FALSE,FALSE,TRUE,co2_captured_Region11Zhejiang,co2_transported_Region11Zhejiang_to_Erlian,1604.2,0,82.60485,0,4.136009,0.08,25,15,0.0
OneWayTransmissionLink,Region11Zhejiang_to_Junggar_CO2_Pipeline,Region11Zhejiang,CO2Captured,TRUE,TRUE,FALSE,FALSE,TRUE,co2_captured_Region11Zhejiang,co2_transported_Region11Zhejiang_to_Junggar,3305.8,0,86.267385,0,4.319391,0.08,25,15,0.0
OneWayTransmissionLink,Region11Zhejiang_to_SichuanBasin_CO2_Pipeline,Region11Zhejiang,CO2Captured,TRUE,TRUE,FALSE,FALSE,TRUE,co2_captured_Region11Zhejiang,co2_transported_Region11Zhejiang_to_SichuanBasin,1360.4,0,81.791851,0,4.095302,0.08,25,15,0.0
OneWayTransmissionLink,Region11Zhejiang_to_BohaiOffshore_CO2_Pipeline,Region11Zhejiang,CO2Captured,TRUE,TRUE,FALSE,FALSE,TRUE,co2_captured_Region11Zhejiang,co2_transported_Region11Zhejiang_to_BohaiOffshore,971.9,0,80.158085,0,4.0135,0.08,25,15,0.0
OneWayTransmissionLink,Region11Zhejiang_to_NorthYellowSea_CO2_Pipeline,Region11Zhejiang,CO2Captured,TRUE,TRUE,FALSE,FALSE,TRUE,co2_captured_Region11Zhejiang,co2_transported_Region11Zhejiang_to_NorthYellowSea,943.1,0,80.013543,0,4.006263,0.08,25,15,0.0
OneWayTransmissionLink,Region11Zhejiang_to_SouthYellowSea_CO2_Pipeline,Region11Zhejiang,CO2Captured,TRUE,TRUE,FALSE,FALSE,TRUE,co2_captured_Region11Zhejiang,co2_transported_Region11Zhejiang_to_SouthYellowSea,655.5,0,78.286053,0,3.919767,0.08,25,15,0.0
OneWayTransmissionLink,Region11Zhejiang_to_EastChinaSea_CO2_Pipeline,Region11Zhejiang,CO2Captured,TRUE,TRUE,FALSE,FALSE,TRUE,co2_captured_Region11Zhejiang,co2_transported_Region11Zhejiang_to_EastChinaSea,464.2,0,76.681808,0,3.839443,0.08,25,15,0.0
OneWayTransmissionLink,Region11Zhejiang_to_PearlRiverMouth_CO2_Pipeline,Region11Zhejiang,CO2Captured,TRUE,TRUE,FALSE,FALSE,TRUE,co2_captured_Region11Zhejiang,co2_transported_Region11Zhejiang_to_PearlRiverMouth,1210.5,0,81.220924,0,4.066716,0.08,25,15,0.0
OneWayTransmissionLink,Region11Zhejiang_to_BeibugGulf_CO2_Pipeline,Region11Zhejiang,CO2Captured,TRUE,TRUE,FALSE,FALSE,TRUE,co2_captured_Region11Zhejiang,co2_transported_Region11Zhejiang_to_BeibugGulf,1559.8,0,82.465856,0,4.129049,0.08,25,15,0.0
OneWayTransmissionLink,Region11Zhejiang_to_Qiongdongnan_CO2_Pipeline,Region11Zhejiang,CO2Captured,TRUE,TRUE,FALSE,FALSE,TRUE,co2_captured_Region11Zhejiang,co2_transported_Region11Zhejiang_to_Qiongdongnan,1681.6,0,82.838724,0,4.147719,0.08,25,15,0.0
OneWayTransmissionLink,Region12Anhui_to_Songliao_CO2_Pipeline,Region12Anhui,CO2Captured,TRUE,TRUE,FALSE,FALSE,TRUE,co2_captured_Region12Anhui,co2_transported_Region12Anhui_to_Songliao,1635.4,0,82.700375,0,4.140792,0.08,25,15,0.0
OneWayTransmissionLink,Region12Anhui_to_TurpanHami_CO2_Pipeline,Region12Anhui,CO2Captured,TRUE,TRUE,FALSE,FALSE,TRUE,co2_captured_Region12Anhui,co2_transported_Region12Anhui_to_TurpanHami,2541.4,0,84.916956,0,4.251775,0.08,25,15,0.0
OneWayTransmissionLink,Region12Anhui_to_Subei_CO2_Pipeline,Region12Anhui,CO2Captured,TRUE,TRUE,FALSE,FALSE,TRUE,co2_captured_Region12Anhui,co2_transported_Region12Anhui_to_Subei,323.5,0,75.038215,0,3.757149,0.08,25,15,0.0
OneWayTransmissionLink,Region12Anhui_to_BohaiOnshore_CO2_Pipeline,Region12Anhui,CO2Captured,TRUE,TRUE,FALSE,FALSE,TRUE,co2_captured_Region12Anhui,co2_transported_Region12Anhui_to_BohaiOnshore,700.0,0,78.595181,0,3.935245,0.08,25,15,0.0
OneWayTransmissionLink,Region12Anhui_to_Qaidam_CO2_Pipeline,Region12Anhui,CO2Captured,TRUE,TRUE,FALSE,FALSE,TRUE,co2_captured_Region12Anhui,co2_transported_Region12Anhui_to_Qaidam,2206.1,0,84.199119,0,4.215833,0.08,25,15,0.0
OneWayTransmissionLink,Region12Anhui_to_Nanxiang_CO2_Pipeline,Region12Anhui,CO2Captured,TRUE,TRUE,FALSE,FALSE,TRUE,co2_captured_Region12Anhui,co2_transported_Region12Anhui_to_Nanxiang,468.0,0,76.719328,0,3.841322,0.08,25,15,0.0
OneWayTransmissionLink,Region12Anhui_to_Sanjiang_CO2_Pipeline,Region12Anhui,CO2Captured,TRUE,TRUE,FALSE,FALSE,TRUE,co2_captured_Region12Anhui,co2_transported_Region12Anhui_to_Sanjiang,2097.5,0,83.944483,0,4.203084,0.08,25,15,0.0
OneWayTransmissionLink,Region12Anhui_to_Hailar_CO2_Pipeline,Region12Anhui,CO2Captured,TRUE,TRUE,FALSE,FALSE,TRUE,co2_captured_Region12Anhui,co2_transported_Region12Anhui_to_Hailar,1897.7,0,83.441805,0,4.177915,0.08,25,15,0.0
OneWayTransmissionLink,Region12Anhui_to_Jianghan_CO2_Pipeline,Region12Anhui,CO2Captured,TRUE,TRUE,FALSE,FALSE,TRUE,co2_captured_Region12Anhui,co2_transported_Region12Anhui_to_Jianghan,442.7,0,76.463929,0,3.828534,0.08,25,15,0.0
OneWayTransmissionLink,Region12Anhui_to_Tarim_CO2_Pipeline,Region12Anhui,CO2Captured,TRUE,TRUE,FALSE,FALSE,TRUE,co2_captured_Region12Anhui,co2_transported_Region12Anhui_to_Tarim,3250.3,0,86.179793,0,4.315005,0.08,25,15,0.0
OneWayTransmissionLink,Region12Anhui_to_Ordos_CO2_Pipeline,Region12Anhui,CO2Captured,TRUE,TRUE,FALSE,FALSE,TRUE,co2_captured_Region12Anhui,co2_transported_Region12Anhui_to_Ordos,1006.1,0,80.324588,0,4.021836,0.08,25,15,0.0
OneWayTransmissionLink,Region12Anhui_to_YingenEjina_CO2_Pipeline,Region12Anhui,CO2Captured,TRUE,TRUE,FALSE,FALSE,TRUE,co2_captured_Region12Anhui,co2_transported_Region12Anhui_to_YingenEjina,1764.3,0,83.077685,0,4.159683,0.08,25,15,0.0
OneWayTransmissionLink,Region12Anhui_to_Hehuai_CO2_Pipeline,Region12Anhui,CO2Captured,TRUE,TRUE,FALSE,FALSE,TRUE,co2_captured_Region12Anhui,co2_transported_Region12Anhui_to_Hehuai,319.3,0,74.979402,0,3.754204,0.08,25,15,0.0
OneWayTransmissionLink,Region12Anhui_to_Qinshui_CO2_Pipeline,Region12Anhui,CO2Captured,TRUE,TRUE,FALSE,FALSE,TRUE,co2_captured_Region12Anhui,co2_transported_Region12Anhui_to_Qinshui,698.4,0,78.584391,0,3.934705,0.08,25,15,0.0
OneWayTransmissionLink,Region12Anhui_to_Erlian_CO2_Pipeline,Region12Anhui,CO2Captured,TRUE,TRUE,FALSE,FALSE,TRUE,co2_captured_Region12Anhui,co2_transported_Region12Anhui_to_Erlian,1381.2,0,81.866351,0,4.099032,0.08,25,15,0.0
OneWayTransmissionLink,Region12Anhui_to_Junggar_CO2_Pipeline,Region12Anhui,CO2Captured,TRUE,TRUE,FALSE,FALSE,TRUE,co2_captured_Region12Anhui,co2_transported_Region12Anhui_to_Junggar,2981.9,0,85.73529,0,4.292749,0.08,25,15,0.0
OneWayTransmissionLink,Region12Anhui_to_SichuanBasin_CO2_Pipeline,Region12Anhui,CO2Captured,TRUE,TRUE,FALSE,FALSE,TRUE,co2_captured_Region12Anhui,co2_transported_Region12Anhui_to_SichuanBasin,1089.0,0,80.707094,0,4.040988,0.08,25,15,0.0
OneWayTransmissionLink,Region12Anhui_to_BohaiOffshore_CO2_Pipeline,Region12Anhui,CO2Captured,TRUE,TRUE,FALSE,FALSE,TRUE,co2_captured_Region12Anhui,co2_transported_Region12Anhui_to_BohaiOffshore,825.2,0,79.374973,0,3.974289,0.08,25,15,0.0
OneWayTransmissionLink,Region12Anhui_to_NorthYellowSea_CO2_Pipeline,Region12Anhui,CO2Captured,TRUE,TRUE,FALSE,FALSE,TRUE,co2_captured_Region12Anhui,co2_transported_Region12Anhui_to_NorthYellowSea,905.2,0,79.816873,0,3.996415,0.08,25,15,0.0
OneWayTransmissionLink,Region12Anhui_to_SouthYellowSea_CO2_Pipeline,Region12Anhui,CO2Captured,TRUE,TRUE,FALSE,FALSE,TRUE,co2_captured_Region12Anhui,co2_transported_Region12Anhui_to_SouthYellowSea,679.6,0,78.455833,0,3.928268,0.08,25,15,0.0
OneWayTransmissionLink,Region12Anhui_to_EastChinaSea_CO2_Pipeline,Region12Anhui,CO2Captured,TRUE,TRUE,FALSE,FALSE,TRUE,co2_captured_Region12Anhui,co2_transported_Region12Anhui_to_EastChinaSea,777.6,0,79.09252,0,3.960147,0.08,25,15,0.0
OneWayTransmissionLink,Region12Anhui_to_PearlRiverMouth_CO2_Pipeline,Region12Anhui,CO2Captured,TRUE,TRUE,FALSE,FALSE,TRUE,co2_captured_Region12Anhui,co2_transported_Region12Anhui_to_PearlRiverMouth,1279.1,0,81.489998,0,4.080188,0.08,25,15,0.0
OneWayTransmissionLink,Region12Anhui_to_BeibugGulf_CO2_Pipeline,Region12Anhui,CO2Captured,TRUE,TRUE,FALSE,FALSE,TRUE,co2_captured_Region12Anhui,co2_transported_Region12Anhui_to_BeibugGulf,1513.6,0,82.317222,0,4.121607,0.08,25,15,0.0
OneWayTransmissionLink,Region12Anhui_to_Qiongdongnan_CO2_Pipeline,Region12Anhui,CO2Captured,TRUE,TRUE,FALSE,FALSE,TRUE,co2_captured_Region12Anhui,co2_transported_Region12Anhui_to_Qiongdongnan,1691.3,0,82.867317,0,4.14915,0.08,25,15,0.0
OneWayTransmissionLink,Region13Fujian_to_Songliao_CO2_Pipeline,Region13Fujian,CO2Captured,TRUE,TRUE,FALSE,FALSE,TRUE,co2_captured_Region13Fujian,co2_transported_Region13Fujian_to_Songliao,2209.2,0,84.206214,0,4.216189,0.08,25,15,0.0
OneWayTransmissionLink,Region13Fujian_to_TurpanHami_CO2_Pipeline,Region13Fujian,CO2Captured,TRUE,TRUE,FALSE,FALSE,TRUE,co2_captured_Region13Fujian,co2_transported_Region13Fujian_to_TurpanHami,3104.6,0,85.942974,0,4.303148,0.08,25,15,0.0
OneWayTransmissionLink,Region13Fujian_to_Subei_CO2_Pipeline,Region13Fujian,CO2Captured,TRUE,TRUE,FALSE,FALSE,TRUE,co2_captured_Region13Fujian,co2_transported_Region13Fujian_to_Subei,807.0,0,79.26883,0,3.968975,0.08,25,15,0.0
OneWayTransmissionLink,Region13Fujian_to_BohaiOnshore_CO2_Pipeline,Region13Fujian,CO2Captured,TRUE,TRUE,FALSE,FALSE,TRUE,co2_captured_Region13Fujian,co2_transported_Region13Fujian_to_BohaiOnshore,1359.8,0,81.789686,0,4.095194,0.08,25,15,0.0
OneWayTransmissionLink,Region13Fujian_to_Qaidam_CO2_Pipeline,Region13Fujian,CO2Captured,TRUE,TRUE,FALSE,FALSE,TRUE,co2_captured_Region13Fujian,co2_transported_Region13Fujian_to_Qaidam,2687.8,0,85.202798,0,4.266087,0.08,25,15,0.0
OneWayTransmissionLink,Region13Fujian_to_Nanxiang_CO2_Pipeline,Region13Fujian,CO2Captured,TRUE,TRUE,FALSE,FALSE,TRUE,co2_captured_Region13Fujian,co2_transported_Region13Fujian_to_Nanxiang,989.0,0,80.242013,0,4.017702,0.08,25,15,0.0
OneWayTransmissionLink,Region13Fujian_to_Sanjiang_CO2_Pipeline,Region13Fujian,CO2Captured,TRUE,TRUE,FALSE,FALSE,TRUE,co2_captured_Region13Fujian,co2_transported_Region13Fujian_to_Sanjiang,2581.1,0,84.995969,0,4.255732,0.08,25,15,0.0
OneWayTransmissionLink,Region13Fujian_to_Hailar_CO2_Pipeline,Region13Fujian,CO2Captured,TRUE,TRUE,FALSE,FALSE,TRUE,co2_captured_Region13Fujian,co2_transported_Region13Fujian_to_Hailar,2539.0,0,84.912143,0,4.251534,0.08,25,15,0.0
OneWayTransmissionLink,Region13Fujian_to_Jianghan_CO2_Pipeline,Region13Fujian,CO2Captured,TRUE,TRUE,FALSE,FALSE,TRUE,co2_captured_Region13Fujian,co2_transported_Region13Fujian_to_Jianghan,792.9,0,79.18504,0,3.96478,0.08,25,15,0.0
OneWayTransmissionLink,Region13Fujian_to_Tarim_CO2_Pipeline,Region13Fujian,CO2Captured,TRUE,TRUE,FALSE,FALSE,TRUE,co2_captured_Region13Fujian,co2_transported_Region13Fujian_to_Tarim,3732.9,0,86.898608,0,4.350996,0.08,25,15,0.0
OneWayTransmissionLink,Region13Fujian_to_Ordos_CO2_Pipeline,Region13Fujian,CO2Captured,TRUE,TRUE,FALSE,FALSE,TRUE,co2_captured_Region13Fujian,co2_transported_Region13Fujian_to_Ordos,1618.9,0,82.650073,0,4.138273,0.08,25,15,0.0
OneWayTransmissionLink,Region13Fujian_to_YingenEjina_CO2_Pipeline,Region13Fujian,CO2Captured,TRUE,TRUE,FALSE,FALSE,TRUE,co2_captured_Region13Fujian,co2_transported_Region13Fujian_to_YingenEjina,2366.8,0,84.555085,0,4.233657,0.08,25,15,0.0
OneWayTransmissionLink,Region13Fujian_to_Hehuai_CO2_Pipeline,Region13Fujian,CO2Captured,TRUE,TRUE,FALSE,FALSE,TRUE,co2_captured_Region13Fujian,co2_transported_Region13Fujian_to_Hehuai,973.2,0,80.164514,0,4.013822,0.08,25,15,0.0
OneWayTransmissionLink,Region13Fujian_to_Qinshui_CO2_Pipeline,Region13Fujian,CO2Captured,TRUE,TRUE,FALSE,FALSE,TRUE,co2_captured_Region13Fujian,co2_transported_Region13Fujian_to_Qinshui,1348.7,0,81.749473,0,4.09318,0.08,25,15,0.0
OneWayTransmissionLink,Region13Fujian_to_Erlian_CO2_Pipeline,Region13Fujian,CO2Captured,TRUE,TRUE,FALSE,FALSE,TRUE,co2_captured_Region13Fujian,co2_transported_Region13Fujian_to_Erlian,2045.5,0,83.818138,0,4.196758,0.08,25,15,0.0
OneWayTransmissionLink,Region13Fujian_to_Junggar_CO2_Pipeline,Region13Fujian,CO2Captured,TRUE,TRUE,FALSE,FALSE,TRUE,co2_captured_Region13Fujian,co2_transported_Region13Fujian_to_Junggar,3554.5,0,86.643652,0,4.338231,0.08,25,15,0.0
OneWayTransmissionLink,Region13Fujian_to_SichuanBasin_CO2_Pipeline,Region13Fujian,CO2Captured,TRUE,TRUE,FALSE,FALSE,TRUE,co2_captured_Region13Fujian,co2_transported_Region13Fujian_to_SichuanBasin,1388.3,0,81.89154,0,4.100293,0.08,25,15,0.0
OneWayTransmissionLink,Region13Fujian_to_BohaiOffshore_CO2_Pipeline,Region13Fujian,CO2Captured,TRUE,TRUE,FALSE,FALSE,TRUE,co2_captured_Region13Fujian,co2_transported_Region13Fujian_to_BohaiOffshore,1438.7,0,82.066942,0,4.109076,0.08,25,15,0.0
OneWayTransmissionLink,Region13Fujian_to_NorthYellowSea_CO2_Pipeline,Region13Fujian,CO2Captured,TRUE,TRUE,FALSE,FALSE,TRUE,co2_captured_Region13Fujian,co2_transported_Region13Fujian_to_NorthYellowSea,1415.5,0,81.986931,0,4.10507,0.08,25,15,0.0
OneWayTransmissionLink,Region13Fujian_to_SouthYellowSea_CO2_Pipeline,Region13Fujian,CO2Captured,TRUE,TRUE,FALSE,FALSE,TRUE,co2_captured_Region13Fujian,co2_transported_Region13Fujian_to_SouthYellowSea,1122.7,0,80.85481,0,4.048385,0.08,25,15,0.0
OneWayTransmissionLink,Region13Fujian_to_EastChinaSea_CO2_Pipeline,Region13Fujian,CO2Captured,TRUE,TRUE,FALSE,FALSE,TRUE,co2_captured_Region13Fujian,co2_transported_Region13Fujian_to_EastChinaSea,647.5,0,78.228396,0,3.916881,0.08,25,15,0.0
OneWayTransmissionLink,Region13Fujian_to_PearlRiverMouth_CO2_Pipeline,Region13Fujian,CO2Captured,TRUE,TRUE,FALSE,FALSE,TRUE,co2_captured_Region13Fujian,co2_transported_Region13Fujian_to_PearlRiverMouth,774.5,0,79.073566,0,3.959198,0.08,25,15,0.0
OneWayTransmissionLink,Region13Fujian_to_BeibugGulf_CO2_Pipeline,Region13Fujian,CO2Captured,TRUE,TRUE,FALSE,FALSE,TRUE,co2_captured_Region13Fujian,co2_transported_Region13Fujian_to_BeibugGulf,1215.2,0,81.239811,0,4.067661,0.08,25,15,0.0
OneWayTransmissionLink,Region13Fujian_to_Qiongdongnan_CO2_Pipeline,Region13Fujian,CO2Captured,TRUE,TRUE,FALSE,FALSE,TRUE,co2_captured_Region13Fujian,co2_transported_Region13Fujian_to_Qiongdongnan,1275.9,0,81.477752,0,4.079575,0.08,25,15,0.0
OneWayTransmissionLink,Region14Jiangxi_to_Songliao_CO2_Pipeline,Region14Jiangxi,CO2Captured,TRUE,TRUE,FALSE,FALSE,TRUE,co2_captured_Region14Jiangxi,co2_transported_Region14Jiangxi_to_Songliao,2014.2,0,83.740624,0,4.192877,0.08,25,15,0.0
OneWayTransmissionLink,Region14Jiangxi_to_TurpanHami_CO2_Pipeline,Region14Jiangxi,CO2Captured,TRUE,TRUE,FALSE,FALSE,TRUE,co2_captured_Region14Jiangxi,co2_transported_Region14Jiangxi_to_TurpanHami,2658.7,0,85.147166,0,4.263302,0.08,25,15,0.0
OneWayTransmissionLink,Region14Jiangxi_to_Subei_CO2_Pipeline,Region14Jiangxi,CO2Captured,TRUE,TRUE,FALSE,FALSE,TRUE,co2_captured_Region14Jiangxi,co2_transported_Region14Jiangxi_to_Subei,663.5,0,78.343053,0,3.922621,0.08,25,15,0.0
OneWayTransmissionLink,Region14Jiangxi_to_BohaiOnshore_CO2_Pipeline,Region14Jiangxi,CO2Captured,TRUE,TRUE,FALSE,FALSE,TRUE,co2_captured_Region14Jiangxi,co2_transported_Region14Jiangxi_to_BohaiOnshore,1058.7,0,80.570566,0,4.034153,0.08,25,15,0.0
OneWayTransmissionLink,Region14Jiangxi_to_Qaidam_CO2_Pipeline,Region14Jiangxi,CO2Captured,TRUE,TRUE,FALSE,FALSE,TRUE,co2_captured_Region14Jiangxi,co2_transported_Region14Jiangxi_to_Qaidam,2245.3,0,84.288146,0,4.220291,0.08,25,15,0.0
OneWayTransmissionLink,Region14Jiangxi_to_Nanxiang_CO2_Pipeline,Region14Jiangxi,CO2Captured,TRUE,TRUE,FALSE,FALSE,TRUE,co2_captured_Region14Jiangxi,co2_transported_Region14Jiangxi_to_Nanxiang,550.1,0,77.466964,0,3.878756,0.08,25,15,0.0
OneWayTransmissionLink,Region14Jiangxi_to_Sanjiang_CO2_Pipeline,Region14Jiangxi,CO2Captured,TRUE,TRUE,FALSE,FALSE,TRUE,co2_captured_Region14Jiangxi,co2_transported_Region14Jiangxi_to_Sanjiang,2470.8,0,84.773535,0,4.244594,0.08,25,15,0.0
OneWayTransmissionLink,Region14Jiangxi_to_Hailar_CO2_Pipeline,Region14Jiangxi,CO2Captured,TRUE,TRUE,FALSE,FALSE,TRUE,co2_captured_Region14Jiangxi,co2_transported_Region14Jiangxi_to_Hailar,2259.9,0,84.320931,0,4.221933,0.08,25,15,0.0
OneWayTransmissionLink,Region14Jiangxi_to_Jianghan_CO2_Pipeline,Region14Jiangxi,CO2Captured,TRUE,TRUE,FALSE,FALSE,TRUE,co2_captured_Region14Jiangxi,co2_transported_Region14Jiangxi_to_Jianghan,347.0,0,75.354607,0,3.77299,0.08,25,15,0.0
OneWayTransmissionLink,Region14Jiangxi_to_Tarim_CO2_Pipeline,Region14Jiangxi,CO2Captured,TRUE,TRUE,FALSE,FALSE,TRUE,co2_captured_Region14Jiangxi,co2_transported_Region14Jiangxi_to_Tarim,3292.0,0,86.245735,0,4.318307,0.08,25,15,0.0
OneWayTransmissionLink,Region14Jiangxi_to_Ordos_CO2_Pipeline,Region14Jiangxi,CO2Captured,TRUE,TRUE,FALSE,FALSE,TRUE,co2_captured_Region14Jiangxi,co2_transported_Region14Jiangxi_to_Ordos,1188.9,0,81.133228,0,4.062325,0.08,25,15,0.0
OneWayTransmissionLink,Region14Jiangxi_to_YingenEjina_CO2_Pipeline,Region14Jiangxi,CO2Captured,TRUE,TRUE,FALSE,FALSE,TRUE,co2_captured_Region14Jiangxi,co2_transported_Region14Jiangxi_to_YingenEjina,1928.0,0,83.521149,0,4.181888,0.08,25,15,0.0
OneWayTransmissionLink,Region14Jiangxi_to_Hehuai_CO2_Pipeline,Region14Jiangxi,CO2Captured,TRUE,TRUE,FALSE,FALSE,TRUE,co2_captured_Region14Jiangxi,co2_transported_Region14Jiangxi_to_Hehuai,596.9,0,77.847404,0,3.897804,0.08,25,15,0.0
OneWayTransmissionLink,Region14Jiangxi_to_Qinshui_CO2_Pipeline,Region14Jiangxi,CO2Captured,TRUE,TRUE,FALSE,FALSE,TRUE,co2_captured_Region14Jiangxi,co2_transported_Region14Jiangxi_to_Qinshui,948.1,0,80.038932,0,4.007534,0.08,25,15,0.0
OneWayTransmissionLink,Region14Jiangxi_to_Erlian_CO2_Pipeline,Region14Jiangxi,CO2Captured,TRUE,TRUE,FALSE,FALSE,TRUE,co2_captured_Region14Jiangxi,co2_transported_Region14Jiangxi_to_Erlian,1724.9,0,82.965183,0,4.154051,0.08,25,15,0.0
OneWayTransmissionLink,Region14Jiangxi_to_Junggar_CO2_Pipeline,Region14Jiangxi,CO2Captured,TRUE,TRUE,FALSE,FALSE,TRUE,co2_captured_Region14Jiangxi,co2_transported_Region14Jiangxi_to_Junggar,3108.9,0,85.950111,0,4.303505,0.08,25,15,0.0
OneWayTransmissionLink,Region14Jiangxi_to_SichuanBasin_CO2_Pipeline,Region14Jiangxi,CO2Captured,TRUE,TRUE,FALSE,FALSE,TRUE,co2_captured_Region14Jiangxi,co2_transported_Region14Jiangxi_to_SichuanBasin,974.0,0,80.168466,0,4.014019,0.08,25,15,0.0
OneWayTransmissionLink,Region14Jiangxi_to_BohaiOffshore_CO2_Pipeline,Region14Jiangxi,CO2Captured,TRUE,TRUE,FALSE,FALSE,TRUE,co2_captured_Region14Jiangxi,co2_transported_Region14Jiangxi_to_BohaiOffshore,1202.5,0,81.188617,0,4.065098,0.08,25,15,0.0
OneWayTransmissionLink,Region14Jiangxi_to_NorthYellowSea_CO2_Pipeline,Region14Jiangxi,CO2Captured,TRUE,TRUE,FALSE,FALSE,TRUE,co2_captured_Region14Jiangxi,co2_transported_Region14Jiangxi_to_NorthYellowSea,1276.3,0,81.479284,0,4.079652,0.08,25,15,0.0
OneWayTransmissionLink,Region14Jiangxi_to_SouthYellowSea_CO2_Pipeline,Region14Jiangxi,CO2Captured,TRUE,TRUE,FALSE,FALSE,TRUE,co2_captured_Region14Jiangxi,co2_transported_Region14Jiangxi_to_SouthYellowSea,1028.3,0,80.429844,0,4.027107,0.08,25,15,0.0
OneWayTransmissionLink,Region14Jiangxi_to_EastChinaSea_CO2_Pipeline,Region14Jiangxi,CO2Captured,TRUE,TRUE,FALSE,FALSE,TRUE,co2_captured_Region14Jiangxi,co2_transported_Region14Jiangxi_to_EastChinaSea,873.4,0,79.645791,0,3.987849,0.08,25,15,0.0
OneWayTransmissionLink,Region14Jiangxi_to_PearlRiverMouth_CO2_Pipeline,Region14Jiangxi,CO2Captured,TRUE,TRUE,FALSE,FALSE,TRUE,co2_captured_Region14Jiangxi,co2_transported_Region14Jiangxi_to_PearlRiverMouth,906.2,0,79.822161,0,3.99668,0.08,25,15,0.0
OneWayTransmissionLink,Region14Jiangxi_to_BeibugGulf_CO2_Pipeline,Region14Jiangxi,CO2Captured,TRUE,TRUE,FALSE,FALSE,TRUE,co2_captured_Region14Jiangxi,co2_transported_Region14Jiangxi_to_BeibugGulf,1146.9,0,80.958336,0,4.053568,0.08,25,15,0.0
OneWayTransmissionLink,Region14Jiangxi_to_Qiongdongnan_CO2_Pipeline,Region14Jiangxi,CO2Captured,TRUE,TRUE,FALSE,FALSE,TRUE,co2_captured_Region14Jiangxi,co2_transported_Region14Jiangxi_to_Qiongdongnan,1313.2,0,81.618741,0,4.086634,0.08,25,15,0.0
OneWayTransmissionLink,Region15Shandong_to_Songliao_CO2_Pipeline,Region15Shandong,CO2Captured,TRUE,TRUE,FALSE,FALSE,TRUE,co2_captured_Region15Shandong,co2_transported_Region15Shandong_to_Songliao,1154.0,0,80.988319,0,4.055069,0.08,25,15,0.0
OneWayTransmissionLink,Region15Shandong_to_TurpanHami_CO2_Pipeline,Region15Shandong,CO2Captured,TRUE,TRUE,FALSE,FALSE,TRUE,co2_captured_Region15Shandong,co2_transported_Region15Shandong_to_TurpanHami,2256.5,0,84.313314,0,4.221551,0.08,25,15,0.0
OneWayTransmissionLink,Region15Shandong_to_Subei_CO2_Pipeline,Region15Shandong,CO2Captured,TRUE,TRUE,FALSE,FALSE,TRUE,co2_captured_Region15Shandong,co2_transported_Region15Shandong_to_Subei,473.5,0,76.773128,0,3.844016,0.08,25,15,0.0
OneWayTransmissionLink,Region15Shandong_to_BohaiOnshore_CO2_Pipeline,Region15Shandong,CO2Captured,TRUE,TRUE,FALSE,FALSE,TRUE,co2_captured_Region15Shandong,co2_transported_Region15Shandong_to_BohaiOnshore,167.2,0,72.124732,0,3.611271,0.08,25,15,0.0
OneWayTransmissionLink,Region15Shandong_to_Qaidam_CO2_Pipeline,Region15Shandong,CO2Captured,TRUE,TRUE,FALSE,FALSE,TRUE,co2_captured_Region15Shandong,co2_transported_Region15Shandong_to_Qaidam,2042.6,0,83.811003,0,4.196401,0.08,25,15,0.0
OneWayTransmissionLink,Region15Shandong_to_Nanxiang_CO2_Pipeline,Region15Shandong,CO2Captured,TRUE,TRUE,FALSE,FALSE,TRUE,co2_captured_Region15Shandong,co2_transported_Region15Shandong_to_Nanxiang,622.3,0,78.042294,0,3.907562,0.08,25,15,0.0
OneWayTransmissionLink,Region15Shandong_to_Sanjiang_CO2_Pipeline,Region15Shandong,CO2Captured,TRUE,TRUE,FALSE,FALSE,TRUE,co2_captured_Region15Shandong,co2_transported_Region15Shandong_to_Sanjiang,1681.2,0,82.837541,0,4.14766,0.08,25,15,0.0
OneWayTransmissionLink,Region15Shandong_to_Hailar_CO2_Pipeline,Region15Shandong,CO2Captured,TRUE,TRUE,FALSE,FALSE,TRUE,co2_captured_Region15Shandong,co2_transported_Region15Shandong_to_Hailar,1367.0,0,81.815605,0,4.096491,0.08,25,15,0.0
OneWayTransmissionLink,Region15Shandong_to_Jianghan_CO2_Pipeline,Region15Shandong,CO2Captured,TRUE,TRUE,FALSE,FALSE,TRUE,co2_captured_Region15Shandong,co2_transported_Region15Shandong_to_Jianghan,789.2,0,79.162821,0,3.963667,0.08,25,15,0.0
OneWayTransmissionLink,Region15Shandong_to_Tarim_CO2_Pipeline,Region15Shandong,CO2Captured,TRUE,TRUE,FALSE,FALSE,TRUE,co2_captured_Region15Shandong,co2_transported_Region15Shandong_to_Tarim,3047.9,0,85.84798,0,4.298392,0.08,25,15,0.0
OneWayTransmissionLink,Region15Shandong_to_Ordos_CO2_Pipeline,Region15Shandong,CO2Captured,TRUE,TRUE,FALSE,FALSE,TRUE,co2_captured_Region15Shandong,co2_transported_Region15Shandong_to_Ordos,751.6,0,78.931298,0,3.952075,0.08,25,15,0.0
OneWayTransmissionLink,Region15Shandong_to_YingenEjina_CO2_Pipeline,Region15Shandong,CO2Captured,TRUE,TRUE,FALSE,FALSE,TRUE,co2_captured_Region15Shandong,co2_transported_Region15Shandong_to_YingenEjina,1449.5,0,82.103776,0,4.11092,0.08,25,15,0.0
OneWayTransmissionLink,Region15Shandong_to_Hehuai_CO2_Pipeline,Region15Shandong,CO2Captured,TRUE,TRUE,FALSE,FALSE,TRUE,co2_captured_Region15Shandong,co2_transported_Region15Shandong_to_Hehuai,352.0,0,75.419317,0,3.776231,0.08,25,15,0.0
OneWayTransmissionLink,Region15Shandong_to_Qinshui_CO2_Pipeline,Region15Shandong,CO2Captured,TRUE,TRUE,FALSE,FALSE,TRUE,co2_captured_Region15Shandong,co2_transported_Region15Shandong_to_Qinshui,416.2,0,76.181262,0,3.814381,0.08,25,15,0.0
OneWayTransmissionLink,Region15Shandong_to_Erlian_CO2_Pipeline,Region15Shandong,CO2Captured,TRUE,TRUE,FALSE,FALSE,TRUE,co2_captured_Region15Shandong,co2_transported_Region15Shandong_to_Erlian,851.6,0,79.525091,0,3.981806,0.08,25,15,0.0
OneWayTransmissionLink,Region15Shandong_to_Junggar_CO2_Pipeline,Region15Shandong,CO2Captured,TRUE,TRUE,FALSE,FALSE,TRUE,co2_captured_Region15Shandong,co2_transported_Region15Shandong_to_Junggar,2672.1,0,85.172854,0,4.264588,0.08,25,15,0.0
OneWayTransmissionLink,Region15Shandong_to_SichuanBasin_CO2_Pipeline,Region15Shandong,CO2Captured,TRUE,TRUE,FALSE,FALSE,TRUE,co2_captured_Region15Shandong,co2_transported_Region15Shandong_to_SichuanBasin,1246.7,0,81.364649,0,4.073912,0.08,25,15,0.0
OneWayTransmissionLink,Region15Shandong_to_BohaiOffshore_CO2_Pipeline,Region15Shandong,CO2Captured,TRUE,TRUE,FALSE,FALSE,TRUE,co2_captured_Region15Shandong,co2_transported_Region15Shandong_to_BohaiOffshore,348.7,0,75.376706,0,3.774097,0.08,25,15,0.0
OneWayTransmissionLink,Region15Shandong_to_NorthYellowSea_CO2_Pipeline,Region15Shandong,CO2Captured,TRUE,TRUE,FALSE,FALSE,TRUE,co2_captured_Region15Shandong,co2_transported_Region15Shandong_to_NorthYellowSea,577.0,0,77.689189,0,3.889883,0.08,25,15,0.0
OneWayTransmissionLink,Region15Shandong_to_SouthYellowSea_CO2_Pipeline,Region15Shandong,CO2Captured,TRUE,TRUE,FALSE,FALSE,TRUE,co2_captured_Region15Shandong,co2_transported_Region15Shandong_to_SouthYellowSea,545.0,0,77.423683,0,3.876589,0.08,25,15,0.0
OneWayTransmissionLink,Region15Shandong_to_EastChinaSea_CO2_Pipeline,Region15Shandong,CO2Captured,TRUE,TRUE,FALSE,FALSE,TRUE,co2_captured_Region15Shandong,co2_transported_Region15Shandong_to_EastChinaSea,1092.0,0,80.720417,0,4.041656,0.08,25,15,0.0
OneWayTransmissionLink,Region15Shandong_to_PearlRiverMouth_CO2_Pipeline,Region15Shandong,CO2Captured,TRUE,TRUE,FALSE,FALSE,TRUE,co2_captured_Region15Shandong,co2_transported_Region15Shandong_to_PearlRiverMouth,1800.1,0,83.177878,0,4.1647,0.08,25,15,0.0
OneWayTransmissionLink,Region15Shandong_to_BeibugGulf_CO2_Pipeline,Region15Shandong,CO2Captured,TRUE,TRUE,FALSE,FALSE,TRUE,co2_captured_Region15Shandong,co2_transported_Region15Shandong_to_BeibugGulf,1969.9,0,83.628959,0,4.187286,0.08,25,15,0.0
OneWayTransmissionLink,Region15Shandong_to_Qiongdongnan_CO2_Pipeline,Region15Shandong,CO2Captured,TRUE,TRUE,FALSE,FALSE,TRUE,co2_captured_Region15Shandong,co2_transported_Region15Shandong_to_Qiongdongnan,2180.8,0,84.140868,0,4.212917,0.08,25,15,0.0
OneWayTransmissionLink,Region16Henan_to_Songliao_CO2_Pipeline,Region16Henan,CO2Captured,TRUE,TRUE,FALSE,FALSE,TRUE,co2_captured_Region16Henan,co2_transported_Region16Henan_to_Songliao,1499.3,0,75.154447,0,3.762968,0.08,25,15,0.0
OneWayTransmissionLink,Region16Henan_to_TurpanHami_CO2_Pipeline,Region16Henan,CO2Captured,TRUE,TRUE,FALSE,FALSE,TRUE,co2_captured_Region16Henan,co2_transported_Region16Henan_to_TurpanHami,2080.5,0,76.646342,0,3.837667,0.08,25,15,0.0
OneWayTransmissionLink,Region16Henan_to_Subei_CO2_Pipeline,Region16Henan,CO2Captured,TRUE,TRUE,FALSE,FALSE,TRUE,co2_captured_Region16Henan,co2_transported_Region16Henan_to_Subei,636.0,0,71.385301,0,3.574248,0.08,25,15,0.0
OneWayTransmissionLink,Region16Henan_to_BohaiOnshore_CO2_Pipeline,Region16Henan,CO2Captured,TRUE,TRUE,FALSE,FALSE,TRUE,co2_captured_Region16Henan,co2_transported_Region16Henan_to_BohaiOnshore,485.8,0,70.240698,0,3.516938,0.08,25,15,0.0
OneWayTransmissionLink,Region16Henan_to_Qaidam_CO2_Pipeline,Region16Henan,CO2Captured,TRUE,TRUE,FALSE,FALSE,TRUE,co2_captured_Region16Henan,co2_transported_Region16Henan_to_Qaidam,1779.4,0,75.930767,0,3.801839,0.08,25,15,0.0
OneWayTransmissionLink,Region16Henan_to_Nanxiang_CO2_Pipeline,Region16Henan,CO2Captured,TRUE,TRUE,FALSE,FALSE,TRUE,co2_captured_Region16Henan,co2_transported_Region16Henan_to_Nanxiang,261.8,0,67.682992,0,3.388874,0.08,25,15,0.0
OneWayTransmissionLink,Region16Henan_to_Sanjiang_CO2_Pipeline,Region16Henan,CO2Captured,TRUE,TRUE,FALSE,FALSE,TRUE,co2_captured_Region16Henan,co2_transported_Region16Henan_to_Sanjiang,2050.6,0,76.5798,0,3.834336,0.08,25,15,0.0
OneWayTransmissionLink,Region16Henan_to_Hailar_CO2_Pipeline,Region16Henan,CO2Captured,TRUE,TRUE,FALSE,FALSE,TRUE,co2_captured_Region16Henan,co2_transported_Region16Henan_to_Hailar,1624.8,0,75.517806,0,3.781162,0.08,25,15,0.0
OneWayTransmissionLink,Region16Henan_to_Jianghan_CO2_Pipeline,Region16Henan,CO2Captured,TRUE,TRUE,FALSE,FALSE,TRUE,co2_captured_Region16Henan,co2_transported_Region16Henan_to_Jianghan,479.6,0,70.186586,0,3.514229,0.08,25,15,0.0
OneWayTransmissionLink,Region16Henan_to_Tarim_CO2_Pipeline,Region16Henan,CO2Captured,TRUE,TRUE,FALSE,FALSE,TRUE,co2_captured_Region16Henan,co2_transported_Region16Henan_to_Tarim,2813.8,0,78.047494,0,3.907823,0.08,25,15,0.0
OneWayTransmissionLink,Region16Henan_to_Ordos_CO2_Pipeline,Region16Henan,CO2Captured,TRUE,TRUE,FALSE,FALSE,TRUE,co2_captured_Region16Henan,co2_transported_Region16Henan_to_Ordos,539.9,0,70.687101,0,3.539289,0.08,25,15,0.0
OneWayTransmissionLink,Region16Henan_to_YingenEjina_CO2_Pipeline,Region16Henan,CO2Captured,TRUE,TRUE,FALSE,FALSE,TRUE,co2_captured_Region16Henan,co2_transported_Region16Henan_to_YingenEjina,1297.5,0,74.505411,0,3.730471,0.08,25,15,0.0
OneWayTransmissionLink,Region16Henan_to_Hehuai_CO2_Pipeline,Region16Henan,CO2Captured,TRUE,TRUE,FALSE,FALSE,TRUE,co2_captured_Region16Henan,co2_transported_Region16Henan_to_Hehuai,151.0,0,65.484722,0,3.278807,0.08,25,15,0.0
OneWayTransmissionLink,Region16Henan_to_Qinshui_CO2_Pipeline,Region16Henan,CO2Captured,TRUE,TRUE,FALSE,FALSE,TRUE,co2_captured_Region16Henan,co2_transported_Region16Henan_to_Qinshui,243.0,0,67.381046,0,3.373756,0.08,25,15,0.0
OneWayTransmissionLink,Region16Henan_to_Erlian_CO2_Pipeline,Region16Henan,CO2Captured,TRUE,TRUE,FALSE,FALSE,TRUE,co2_captured_Region16Henan,co2_transported_Region16Henan_to_Erlian,1060.2,0,73.607936,0,3.685535,0.08,25,15,0.0
OneWayTransmissionLink,Region16Henan_to_Junggar_CO2_Pipeline,Region16Henan,CO2Captured,TRUE,TRUE,FALSE,FALSE,TRUE,co2_captured_Region16Henan,co2_transported_Region16Henan_to_Junggar,2517.9,0,77.52891,0,3.881857,0.08,25,15,0.0
OneWayTransmissionLink,Region16Henan_to_SichuanBasin_CO2_Pipeline,Region16Henan,CO2Captured,TRUE,TRUE,FALSE,FALSE,TRUE,co2_captured_Region16Henan,co2_transported_Region16Henan_to_SichuanBasin,867.0,0,72.724797,0,3.641316,0.08,25,15,0.0
OneWayTransmissionLink,Region16Henan_to_BohaiOffshore_CO2_Pipeline,Region16Henan,CO2Captured,TRUE,TRUE,FALSE,FALSE,TRUE,co2_captured_Region16Henan,co2_transported_Region16Henan_to_BohaiOffshore,721.1,0,71.925204,0,3.601281,0.08,25,15,0.0
OneWayTransmissionLink,Region16Henan_to_NorthYellowSea_CO2_Pipeline,Region16Henan,CO2Captured,TRUE,TRUE,FALSE,FALSE,TRUE,co2_captured_Region16Henan,co2_transported_Region16Henan_to_NorthYellowSea,952.1,0,73.134505,0,3.66183,0.08,25,15,0.0
OneWayTransmissionLink,Region16Henan_to_SouthYellowSea_CO2_Pipeline,Region16Henan,CO2Captured,TRUE,TRUE,FALSE,FALSE,TRUE,co2_captured_Region16Henan,co2_transported_Region16Henan_to_SouthYellowSea,862.9,0,72.704116,0,3.640281,0.08,25,15,0.0
OneWayTransmissionLink,Region16Henan_to_EastChinaSea_CO2_Pipeline,Region16Henan,CO2Captured,TRUE,TRUE,FALSE,FALSE,TRUE,co2_captured_Region16Henan,co2_transported_Region16Henan_to_EastChinaSea,1218.7,0,74.22585,0,3.716474,0.08,25,15,0.0
OneWayTransmissionLink,Region16Henan_to_PearlRiverMouth_CO2_Pipeline,Region16Henan,CO2Captured,TRUE,TRUE,FALSE,FALSE,TRUE,co2_captured_Region16Henan,co2_transported_Region16Henan_to_PearlRiverMouth,1574.2,0,75.37459,0,3.773991,0.08,25,15,0.0
OneWayTransmissionLink,Region16Henan_to_BeibugGulf_CO2_Pipeline,Region16Henan,CO2Captured,TRUE,TRUE,FALSE,FALSE,TRUE,co2_captured_Region16Henan,co2_transported_Region16Henan_to_BeibugGulf,1659.0,0,75.612249,0,3.785891,0.08,25,15,0.0
OneWayTransmissionLink,Region16Henan_to_Qiongdongnan_CO2_Pipeline,Region16Henan,CO2Captured,TRUE,TRUE,FALSE,FALSE,TRUE,co2_captured_Region16Henan,co2_transported_Region16Henan_to_Qiongdongnan,1897.1,0,76.223131,0,3.816477,0.08,25,15,0.0
OneWayTransmissionLink,Region17Hubei_to_Songliao_CO2_Pipeline,Region17Hubei,CO2Captured,TRUE,TRUE,FALSE,FALSE,TRUE,co2_captured_Region17Hubei,co2_transported_Region17Hubei_to_Songliao,1873.0,0,76.164683,0,3.813551,0.08,25,15,0.0
OneWayTransmissionLink,Region17Hubei_to_TurpanHami_CO2_Pipeline,Region17Hubei,CO2Captured,TRUE,TRUE,FALSE,FALSE,TRUE,co2_captured_Region17Hubei,co2_transported_Region17Hubei_to_TurpanHami,2405.5,0,77.316768,0,3.871236,0.08,25,15,0.0
OneWayTransmissionLink,Region17Hubei_to_Subei_CO2_Pipeline,Region17Hubei,CO2Captured,TRUE,TRUE,FALSE,FALSE,TRUE,co2_captured_Region17Hubei,co2_transported_Region17Hubei_to_Subei,639.3,0,71.407471,0,3.575358,0.08,25,15,0.0
OneWayTransmissionLink,Region17Hubei_to_BohaiOnshore_CO2_Pipeline,Region17Hubei,CO2Captured,TRUE,TRUE,FALSE,FALSE,TRUE,co2_captured_Region17Hubei,co2_transported_Region17Hubei_to_BohaiOnshore,876.9,0,72.774357,0,3.643798,0.08,25,15,0.0
OneWayTransmissionLink,Region17Hubei_to_Qaidam_CO2_Pipeline,Region17Hubei,CO2Captured,TRUE,TRUE,FALSE,FALSE,TRUE,co2_captured_Region17Hubei,co2_transported_Region17Hubei_to_Qaidam,2009.9,0,76.487741,0,3.829726,0.08,25,15,0.0
OneWayTransmissionLink,Region17Hubei_to_Nanxiang_CO2_Pipeline,Region17Hubei,CO2Captured,TRUE,TRUE,FALSE,FALSE,TRUE,co2_captured_Region17Hubei,co2_transported_Region17Hubei_to_Nanxiang,290.1,0,68.101117,0,3.40981,0.08,25,15,0.0
OneWayTransmissionLink,Region17Hubei_to_Sanjiang_CO2_Pipeline,Region17Hubei,CO2Captured,TRUE,TRUE,FALSE,FALSE,TRUE,co2_captured_Region17Hubei,co2_transported_Region17Hubei_to_Sanjiang,2371.7,0,77.25115,0,3.86795,0.08,25,15,0.0
OneWayTransmissionLink,Region17Hubei_to_Hailar_CO2_Pipeline,Region17Hubei,CO2Captured,TRUE,TRUE,FALSE,FALSE,TRUE,co2_captured_Region17Hubei,co2_transported_Region17Hubei_to_Hailar,2066.9,0,76.616188,0,3.836158,0.08,25,15,0.0
OneWayTransmissionLink,Region17Hubei_to_Jianghan_CO2_Pipeline,Region17Hubei,CO2Captured,TRUE,TRUE,FALSE,FALSE,TRUE,co2_captured_Region17Hubei,co2_transported_Region17Hubei_to_Jianghan,133.3,0,64.996681,0,3.254371,0.08,25,15,0.0
OneWayTransmissionLink,Region17Hubei_to_Tarim_CO2_Pipeline,Region17Hubei,CO2Captured,TRUE,TRUE,FALSE,FALSE,TRUE,co2_captured_Region17Hubei,co2_transported_Region17Hubei_to_Tarim,3058.1,0,78.438354,0,3.927393,0.08,25,15,0.0
OneWayTransmissionLink,Region17Hubei_to_Ordos_CO2_Pipeline,Region17Hubei,CO2Captured,TRUE,TRUE,FALSE,FALSE,TRUE,co2_captured_Region17Hubei,co2_transported_Region17Hubei_to_Ordos,929.1,0,73.027279,0,3.656462,0.08,25,15,0.0
OneWayTransmissionLink,Region17Hubei_to_YingenEjina_CO2_Pipeline,Region17Hubei,CO2Captured,TRUE,TRUE,FALSE,FALSE,TRUE,co2_captured_Region17Hubei,co2_transported_Region17Hubei_to_YingenEjina,1668.6,0,75.63843,0,3.787201,0.08,25,15,0.0
OneWayTransmissionLink,Region17Hubei_to_Hehuai_CO2_Pipeline,Region17Hubei,CO2Captured,TRUE,TRUE,FALSE,FALSE,TRUE,co2_captured_Region17Hubei,co2_transported_Region17Hubei_to_Hehuai,384.4,0,69.260939,0,3.467882,0.08,25,15,0.0
OneWayTransmissionLink,Region17Hubei_to_Qinshui_CO2_Pipeline,Region17Hubei,CO2Captured,TRUE,TRUE,FALSE,FALSE,TRUE,co2_captured_Region17Hubei,co2_transported_Region17Hubei_to_Qinshui,701.9,0,71.808836,0,3.595454,0.08,25,15,0.0
OneWayTransmissionLink,Region17Hubei_to_Erlian_CO2_Pipeline,Region17Hubei,CO2Captured,TRUE,TRUE,FALSE,FALSE,TRUE,co2_captured_Region17Hubei,co2_transported_Region17Hubei_to_Erlian,1514.6,0,75.200244,0,3.765262,0.08,25,15,0.0
OneWayTransmissionLink,Region17Hubei_to_Junggar_CO2_Pipeline,Region17Hubei,CO2Captured,TRUE,TRUE,FALSE,FALSE,TRUE,co2_captured_Region17Hubei,co2_transported_Region17Hubei_to_Junggar,2854.7,0,78.115101,0,3.911208,0.08,25,15,0.0
OneWayTransmissionLink,Region17Hubei_to_SichuanBasin_CO2_Pipeline,Region17Hubei,CO2Captured,TRUE,TRUE,FALSE,FALSE,TRUE,co2_captured_Region17Hubei,co2_transported_Region17Hubei_to_SichuanBasin,798.7,0,72.367637,0,3.623433,0.08,25,15,0.0
OneWayTransmissionLink,Region17Hubei_to_BohaiOffshore_CO2_Pipeline,Region17Hubei,CO2Captured,TRUE,TRUE,FALSE,FALSE,TRUE,co2_captured_Region17Hubei,co2_transported_Region17Hubei_to_BohaiOffshore,1058.6,0,73.601266,0,3.685201,0.08,25,15,0.0
OneWayTransmissionLink,Region17Hubei_to_NorthYellowSea_CO2_Pipeline,Region17Hubei,CO2Captured,TRUE,TRUE,FALSE,FALSE,TRUE,co2_captured_Region17Hubei,co2_transported_Region17Hubei_to_NorthYellowSea,1192.1,0,74.127633,0,3.711556,0.08,25,15,0.0
OneWayTransmissionLink,Region17Hubei_to_SouthYellowSea_CO2_Pipeline,Region17Hubei,CO2Captured,TRUE,TRUE,FALSE,FALSE,TRUE,co2_captured_Region17Hubei,co2_transported_Region17Hubei_to_SouthYellowSea,989.4,0,73.303327,0,3.670283,0.08,25,15,0.0
OneWayTransmissionLink,Region17Hubei_to_EastChinaSea_CO2_Pipeline,Region17Hubei,CO2Captured,TRUE,TRUE,FALSE,FALSE,TRUE,co2_captured_Region17Hubei,co2_transported_Region17Hubei_to_EastChinaSea,1023.6,0,73.452941,0,3.677774,0.08,25,15,0.0
OneWayTransmissionLink,Region17Hubei_to_PearlRiverMouth_CO2_Pipeline,Region17Hubei,CO2Captured,TRUE,TRUE,FALSE,FALSE,TRUE,co2_captured_Region17Hubei,co2_transported_Region17Hubei_to_PearlRiverMouth,1109.8,0,73.810144,0,3.69566,0.08,25,15,0.0
OneWayTransmissionLink,Region17Hubei_to_BeibugGulf_CO2_Pipeline,Region17Hubei,CO2Captured,TRUE,TRUE,FALSE,FALSE,TRUE,co2_captured_Region17Hubei,co2_transported_Region17Hubei_to_BeibugGulf,1249.6,0,74.337445,0,3.722061,0.08,25,15,0.0
OneWayTransmissionLink,Region17Hubei_to_Qiongdongnan_CO2_Pipeline,Region17Hubei,CO2Captured,TRUE,TRUE,FALSE,FALSE,TRUE,co2_captured_Region17Hubei,co2_transported_Region17Hubei_to_Qiongdongnan,1460.2,0,75.035384,0,3.757007,0.08,25,15,0.0
OneWayTransmissionLink,Region18Hunan_to_Songliao_CO2_Pipeline,Region18Hunan,CO2Captured,TRUE,TRUE,FALSE,FALSE,TRUE,co2_captured_Region18Hunan,co2_transported_Region18Hunan_to_Songliao,2167.2,0,76.83433,0,3.84708,0.08,25,15,0.0
OneWayTransmissionLink,Region18Hunan_to_TurpanHami_CO2_Pipeline,Region18Hunan,CO2Captured,TRUE,TRUE,FALSE,FALSE,TRUE,co2_captured_Region18Hunan,co2_transported_Region18Hunan_to_TurpanHami,2489.6,0,77.476349,0,3.879226,0.08,25,15,0.0
OneWayTransmissionLink,Region18Hunan_to_Subei_CO2_Pipeline,Region18Hunan,CO2Captured,TRUE,TRUE,FALSE,FALSE,TRUE,co2_captured_Region18Hunan,co2_transported_Region18Hunan_to_Subei,899.5,0,72.885551,0,3.649365,0.08,25,15,0.0
OneWayTransmissionLink,Region18Hunan_to_BohaiOnshore_CO2_Pipeline,Region18Hunan,CO2Captured,TRUE,TRUE,FALSE,FALSE,TRUE,co2_captured_Region18Hunan,co2_transported_Region18Hunan_to_BohaiOnshore,1167.0,0,74.033047,0,3.70682,0.08,25,15,0.0
OneWayTransmissionLink,Region18Hunan_to_Qaidam_CO2_Pipeline,Region18Hunan,CO2Captured,TRUE,TRUE,FALSE,FALSE,TRUE,co2_captured_Region18Hunan,co2_transported_Region18Hunan_to_Qaidam,2034.1,0,76.542688,0,3.832477,0.08,25,15,0.0
OneWayTransmissionLink,Region18Hunan_to_Nanxiang_CO2_Pipeline,Region18Hunan,CO2Captured,TRUE,TRUE,FALSE,FALSE,TRUE,co2_captured_Region18Hunan,co2_transported_Region18Hunan_to_Nanxiang,492.2,0,70.295879,0,3.519701,0.08,25,15,0.0
OneWayTransmissionLink,Region18Hunan_to_Sanjiang_CO2_Pipeline,Region18Hunan,CO2Captured,TRUE,TRUE,FALSE,FALSE,TRUE,co2_captured_Region18Hunan,co2_transported_Region18Hunan_to_Sanjiang,2663.8,0,77.791378,0,3.894999,0.08,25,15,0.0
OneWayTransmissionLink,Region18Hunan_to_Hailar_CO2_Pipeline,Region18Hunan,CO2Captured,TRUE,TRUE,FALSE,FALSE,TRUE,co2_captured_Region18Hunan,co2_transported_Region18Hunan_to_Hailar,2348.2,0,77.205009,0,3.86564,0.08,25,15,0.0
OneWayTransmissionLink,Region18Hunan_to_Jianghan_CO2_Pipeline,Region18Hunan,CO2Captured,TRUE,TRUE,FALSE,FALSE,TRUE,co2_captured_Region18Hunan,co2_transported_Region18Hunan_to_Jianghan,249.8,0,67.492718,0,3.379347,0.08,25,15,0.0
OneWayTransmissionLink,Region18Hunan_to_Tarim_CO2_Pipeline,Region18Hunan,CO2Captured,TRUE,TRUE,FALSE,FALSE,TRUE,co2_captured_Region18Hunan,co2_transported_Region18Hunan_to_Tarim,3073.2,0,78.461539,0,3.928554,0.08,25,15,0.0
OneWayTransmissionLink,Region18Hunan_to_Ordos_CO2_Pipeline,Region18Hunan,CO2Captured,TRUE,TRUE,FALSE,FALSE,TRUE,co2_captured_Region18Hunan,co2_transported_Region18Hunan_to_Ordos,1109.1,0,73.80735,0,3.69552,0.08,25,15,0.0
OneWayTransmissionLink,Region18Hunan_to_YingenEjina_CO2_Pipeline,Region18Hunan,CO2Captured,TRUE,TRUE,FALSE,FALSE,TRUE,co2_captured_Region18Hunan,co2_transported_Region18Hunan_to_YingenEjina,1803.9,0,75.993092,0,3.804959,0.08,25,15,0.0
OneWayTransmissionLink,Region18Hunan_to_Hehuai_CO2_Pipeline,Region18Hunan,CO2Captured,TRUE,TRUE,FALSE,FALSE,TRUE,co2_captured_Region18Hunan,co2_transported_Region18Hunan_to_Hehuai,671.1,0,71.61576,0,3.585787,0.08,25,15,0.0
OneWayTransmissionLink,Region18Hunan_to_Qinshui_CO2_Pipeline,Region18Hunan,CO2Captured,TRUE,TRUE,FALSE,FALSE,TRUE,co2_captured_Region18Hunan,co2_transported_Region18Hunan_to_Qinshui,944.8,0,73.100738,0,3.66014,0.08,25,15,0.0
OneWayTransmissionLink,Region18Hunan_to_Erlian_CO2_Pipeline,Region18Hunan,CO2Captured,TRUE,TRUE,FALSE,FALSE,TRUE,co2_captured_Region18Hunan,co2_transported_Region18Hunan_to_Erlian,1787.6,0,75.951716,0,3.802888,0.08,25,15,0.0
OneWayTransmissionLink,Region18Hunan_to_Junggar_CO2_Pipeline,Region18Hunan,CO2Captured,TRUE,TRUE,FALSE,FALSE,TRUE,co2_captured_Region18Hunan,co2_transported_Region18Hunan_to_Junggar,2942.0,0,78.256412,0,3.918283,0.08,25,15,0.0
OneWayTransmissionLink,Region18Hunan_to_SichuanBasin_CO2_Pipeline,Region18Hunan,CO2Captured,TRUE,TRUE,FALSE,FALSE,TRUE,co2_captured_Region18Hunan,co2_transported_Region18Hunan_to_SichuanBasin,715.5,0,71.891567,0,3.599597,0.08,25,15,0.0
OneWayTransmissionLink,Region18Hunan_to_BohaiOffshore_CO2_Pipeline,Region18Hunan,CO2Captured,TRUE,TRUE,FALSE,FALSE,TRUE,co2_captured_Region18Hunan,co2_transported_Region18Hunan_to_BohaiOffshore,1353.0,0,74.692886,0,3.739858,0.08,25,15,0.0
OneWayTransmissionLink,Region18Hunan_to_NorthYellowSea_CO2_Pipeline,Region18Hunan,CO2Captured,TRUE,TRUE,FALSE,FALSE,TRUE,co2_captured_Region18Hunan,co2_transported_Region18Hunan_to_NorthYellowSea,1479.3,0,75.093915,0,3.759938,0.08,25,15,0.0
OneWayTransmissionLink,Region18Hunan_to_SouthYellowSea_CO2_Pipeline,Region18Hunan,CO2Captured,TRUE,TRUE,FALSE,FALSE,TRUE,co2_captured_Region18Hunan,co2_transported_Region18Hunan_to_SouthYellowSea,1260.5,0,74.376192,0,3.724001,0.08,25,15,0.0
OneWayTransmissionLink,Region18Hunan_to_EastChinaSea_CO2_Pipeline,Region18Hunan,CO2Captured,TRUE,TRUE,FALSE,FALSE,TRUE,co2_captured_Region18Hunan,co2_transported_Region18Hunan_to_EastChinaSea,1162.9,0,74.017415,0,3.706038,0.08,25,15,0.0
OneWayTransmissionLink,Region18Hunan_to_PearlRiverMouth_CO2_Pipeline,Region18Hunan,CO2Captured,TRUE,TRUE,FALSE,FALSE,TRUE,co2_captured_Region18Hunan,co2_transported_Region18Hunan_to_PearlRiverMouth,862.7,0,72.703105,0,3.64023,0.08,25,15,0.0
OneWayTransmissionLink,Region18Hunan_to_BeibugGulf_CO2_Pipeline,Region18Hunan,CO2Captured,TRUE,TRUE,FALSE,FALSE,TRUE,co2_captured_Region18Hunan,co2_transported_Region18Hunan_to_BeibugGulf,955.3,0,73.14923,0,3.662568,0.08,25,15,0.0
OneWayTransmissionLink,Region18Hunan_to_Qiongdongnan_CO2_Pipeline,Region18Hunan,CO2Captured,TRUE,TRUE,FALSE,FALSE,TRUE,co2_captured_Region18Hunan,co2_transported_Region18Hunan_to_Qiongdongnan,1173.0,0,74.05583,0,3.707961,0.08,25,15,0.0
OneWayTransmissionLink,Region19Guangdong_to_Songliao_CO2_Pipeline,Region19Guangdong,CO2Captured,TRUE,TRUE,FALSE,FALSE,TRUE,co2_captured_Region19Guangdong,co2_transported_Region19Guangdong_to_Songliao,2682.6,0,92.955984,0,4.654288,0.08,25,15,0.0
OneWayTransmissionLink,Region19Guangdong_to_TurpanHami_CO2_Pipeline,Region19Guangdong,CO2Captured,TRUE,TRUE,FALSE,FALSE,TRUE,co2_captured_Region19Guangdong,co2_transported_Region19Guangdong_to_TurpanHami,2943.1,0,93.474316,0,4.680241,0.08,25,15,0.0
OneWayTransmissionLink,Region19Guangdong_to_Subei_CO2_Pipeline,Region19Guangdong,CO2Captured,TRUE,TRUE,FALSE,FALSE,TRUE,co2_captured_Region19Guangdong,co2_transported_Region19Guangdong_to_Subei,1321.6,0,89.090213,0,4.46073,0.08,25,15,0.0
OneWayTransmissionLink,Region19Guangdong_to_BohaiOnshore_CO2_Pipeline,Region19Guangdong,CO2Captured,TRUE,TRUE,FALSE,FALSE,TRUE,co2_captured_Region19Guangdong,co2_transported_Region19Guangdong_to_BohaiOnshore,1708.5,0,90.473397,0,4.529985,0.08,25,15,0.0
OneWayTransmissionLink,Region19Guangdong_to_Qaidam_CO2_Pipeline,Region19Guangdong,CO2Captured,TRUE,TRUE,FALSE,FALSE,TRUE,co2_captured_Region19Guangdong,co2_transported_Region19Guangdong_to_Qaidam,2427.2,0,92.399651,0,4.626432,0.08,25,15,0.0
OneWayTransmissionLink,Region19Guangdong_to_Nanxiang_CO2_Pipeline,Region19Guangdong,CO2Captured,TRUE,TRUE,FALSE,FALSE,TRUE,co2_captured_Region19Guangdong,co2_transported_Region19Guangdong_to_Nanxiang,1059.8,0,87.917925,0,4.402033,0.08,25,15,0.0
OneWayTransmissionLink,Region19Guangdong_to_Sanjiang_CO2_Pipeline,Region19Guangdong,CO2Captured,TRUE,TRUE,FALSE,FALSE,TRUE,co2_captured_Region19Guangdong,co2_transported_Region19Guangdong_to_Sanjiang,3136.7,0,93.832303,0,4.698165,0.08,25,15,0.0
OneWayTransmissionLink,Region19Guangdong_to_Hailar_CO2_Pipeline,Region19Guangdong,CO2Captured,TRUE,TRUE,FALSE,FALSE,TRUE,co2_captured_Region19Guangdong,co2_transported_Region19Guangdong_to_Hailar,2903.0,0,93.397407,0,4.67639,0.08,25,15,0.0
OneWayTransmissionLink,Region19Guangdong_to_Jianghan_CO2_Pipeline,Region19Guangdong,CO2Captured,TRUE,TRUE,FALSE,FALSE,TRUE,co2_captured_Region19Guangdong,co2_transported_Region19Guangdong_to_Jianghan,817.4,0,86.55857,0,4.333971,0.08,25,15,0.0
OneWayTransmissionLink,Region19Guangdong_to_Tarim_CO2_Pipeline,Region19Guangdong,CO2Captured,TRUE,TRUE,FALSE,FALSE,TRUE,co2_captured_Region19Guangdong,co2_transported_Region19Guangdong_to_Tarim,3429.7,0,94.336414,0,4.723406,0.08,25,15,0.0
OneWayTransmissionLink,Region19Guangdong_to_Ordos_CO2_Pipeline,Region19Guangdong,CO2Captured,TRUE,TRUE,FALSE,FALSE,TRUE,co2_captured_Region19Guangdong,co2_transported_Region19Guangdong_to_Ordos,1661.7,0,90.32275,0,4.522442,0.08,25,15,0.0
OneWayTransmissionLink,Region19Guangdong_to_YingenEjina_CO2_Pipeline,Region19Guangdong,CO2Captured,TRUE,TRUE,FALSE,FALSE,TRUE,co2_captured_Region19Guangdong,co2_transported_Region19Guangdong_to_YingenEjina,2317.5,0,92.143601,0,4.613612,0.08,25,15,0.0
OneWayTransmissionLink,Region19Guangdong_to_Hehuai_CO2_Pipeline,Region19Guangdong,CO2Captured,TRUE,TRUE,FALSE,FALSE,TRUE,co2_captured_Region19Guangdong,co2_transported_Region19Guangdong_to_Hehuai,1220.5,0,88.665826,0,4.439481,0.08,25,15,0.0
OneWayTransmissionLink,Region19Guangdong_to_Qinshui_CO2_Pipeline,Region19Guangdong,CO2Captured,TRUE,TRUE,FALSE,FALSE,TRUE,co2_captured_Region19Guangdong,co2_transported_Region19Guangdong_to_Qinshui,1512.6,0,89.814704,0,4.497005,0.08,25,15,0.0
OneWayTransmissionLink,Region19Guangdong_to_Erlian_CO2_Pipeline,Region19Guangdong,CO2Captured,TRUE,TRUE,FALSE,FALSE,TRUE,co2_captured_Region19Guangdong,co2_transported_Region19Guangdong_to_Erlian,2349.4,0,92.219214,0,4.617398,0.08,25,15,0.0
OneWayTransmissionLink,Region19Guangdong_to_Junggar_CO2_Pipeline,Region19Guangdong,CO2Captured,TRUE,TRUE,FALSE,FALSE,TRUE,co2_captured_Region19Guangdong,co2_transported_Region19Guangdong_to_Junggar,3392.9,0,94.275373,0,4.72035,0.08,25,15,0.0
OneWayTransmissionLink,Region19Guangdong_to_SichuanBasin_CO2_Pipeline,Region19Guangdong,CO2Captured,TRUE,TRUE,FALSE,FALSE,TRUE,co2_captured_Region19Guangdong,co2_transported_Region19Guangdong_to_SichuanBasin,1081.0,0,88.022467,0,4.407268,0.08,25,15,0.0
OneWayTransmissionLink,Region19Guangdong_to_BohaiOffshore_CO2_Pipeline,Region19Guangdong,CO2Captured,TRUE,TRUE,FALSE,FALSE,TRUE,co2_captured_Region19Guangdong,co2_transported_Region19Guangdong_to_BohaiOffshore,1868.9,0,90.961824,0,4.554441,0.08,25,15,0.0
OneWayTransmissionLink,Region19Guangdong_to_NorthYellowSea_CO2_Pipeline,Region19Guangdong,CO2Captured,TRUE,TRUE,FALSE,FALSE,TRUE,co2_captured_Region19Guangdong,co2_transported_Region19Guangdong_to_NorthYellowSea,1942.4,0,91.172595,0,4.564994,0.08,25,15,0.0
OneWayTransmissionLink,Region19Guangdong_to_SouthYellowSea_CO2_Pipeline,Region19Guangdong,CO2Captured,TRUE,TRUE,FALSE,FALSE,TRUE,co2_captured_Region19Guangdong,co2_transported_Region19Guangdong_to_SouthYellowSea,1682.1,0,90.388901,0,4.525755,0.08,25,15,0.0
OneWayTransmissionLink,Region19Guangdong_to_EastChinaSea_CO2_Pipeline,Region19Guangdong,CO2Captured,TRUE,TRUE,FALSE,FALSE,TRUE,co2_captured_Region19Guangdong,co2_transported_Region19Guangdong_to_EastChinaSea,1336.9,0,89.151762,0,4.463811,0.08,25,15,0.0
OneWayTransmissionLink,Region19Guangdong_to_PearlRiverMouth_CO2_Pipeline,Region19Guangdong,CO2Captured,TRUE,TRUE,FALSE,FALSE,TRUE,co2_captured_Region19Guangdong,co2_transported_Region19Guangdong_to_PearlRiverMouth,310.9,0,81.681036,0,4.089754,0.08,25,15,0.0
OneWayTransmissionLink,Region19Guangdong_to_BeibugGulf_CO2_Pipeline,Region19Guangdong,CO2Captured,TRUE,TRUE,FALSE,FALSE,TRUE,co2_captured_Region19Guangdong,co2_transported_Region19Guangdong_to_BeibugGulf,524.6,0,84.28566,0,4.220167,0.08,25,15,0.0
OneWayTransmissionLink,Region19Guangdong_to_Qiongdongnan_CO2_Pipeline,Region19Guangdong,CO2Captured,TRUE,TRUE,FALSE,FALSE,TRUE,co2_captured_Region19Guangdong,co2_transported_Region19Guangdong_to_Qiongdongnan,644.2,0,85.330686,0,4.272491,0.08,25,15,0.0
OneWayTransmissionLink,Region20Guangxi_to_Songliao_CO2_Pipeline,Region20Guangxi,CO2Captured,TRUE,TRUE,FALSE,FALSE,TRUE,co2_captured_Region20Guangxi,co2_transported_Region20Guangxi_to_Songliao,2906.6,0,93.404352,0,4.676738,0.08,25,15,0.0
OneWayTransmissionLink,Region20Guangxi_to_TurpanHami_CO2_Pipeline,Region20Guangxi,CO2Captured,TRUE,TRUE,FALSE,FALSE,TRUE,co2_captured_Region20Guangxi,co2_transported_Region20Guangxi_to_TurpanHami,2692.4,0,92.976324,0,4.655306,0.08,25,15,0.0
OneWayTransmissionLink,Region20Guangxi_to_Subei_CO2_Pipeline,Region20Guangxi,CO2Captured,TRUE,TRUE,FALSE,FALSE,TRUE,co2_captured_Region20Guangxi,co2_transported_Region20Guangxi_to_Subei,1648.1,0,90.278225,0,4.520213,0.08,25,15,0.0
OneWayTransmissionLink,Region20Guangxi_to_BohaiOnshore_CO2_Pipeline,Region20Guangxi,CO2Captured,TRUE,TRUE,FALSE,FALSE,TRUE,co2_captured_Region20Guangxi,co2_transported_Region20Guangxi_to_BohaiOnshore,1894.2,0,91.035241,0,4.558117,0.08,25,15,0.0
OneWayTransmissionLink,Region20Guangxi_to_Qaidam_CO2_Pipeline,Region20Guangxi,CO2Captured,TRUE,TRUE,FALSE,FALSE,TRUE,co2_captured_Region20Guangxi,co2_transported_Region20Guangxi_to_Qaidam,2125.4,0,91.666455,0,4.589722,0.08,25,15,0.0
OneWayTransmissionLink,Region20Guangxi_to_Nanxiang_CO2_Pipeline,Region20Guangxi,CO2Captured,TRUE,TRUE,FALSE,FALSE,TRUE,co2_captured_Region20Guangxi,co2_transported_Region20Guangxi_to_Nanxiang,1160.3,0,88.39714,0,4.426028,0.08,25,15,0.0
OneWayTransmissionLink,Region20Guangxi_to_Sanjiang_CO2_Pipeline,Region20Guangxi,CO2Captured,TRUE,TRUE,FALSE,FALSE,TRUE,co2_captured_Region20Guangxi,co2_transported_Region20Guangxi_to_Sanjiang,3417.9,0,94.316909,0,4.722429,0.08,25,15,0.0
OneWayTransmissionLink,Region20Guangxi_to_Hailar_CO2_Pipeline,Region20Guangxi,CO2Captured,TRUE,TRUE,FALSE,FALSE,TRUE,co2_captured_Region20Guangxi,co2_transported_Region20Guangxi_to_Hailar,3035.5,0,93.64785,0,4.68893,0.08,25,15,0.0
OneWayTransmissionLink,Region20Guangxi_to_Jianghan_CO2_Pipeline,Region20Guangxi,CO2Captured,TRUE,TRUE,FALSE,FALSE,TRUE,co2_captured_Region20Guangxi,co2_transported_Region20Guangxi_to_Jianghan,964.0,0,87.41956,0,4.37708,0.08,25,15,0.0
OneWayTransmissionLink,Region20Guangxi_to_Tarim_CO2_Pipeline,Region20Guangxi,CO2Captured,TRUE,TRUE,FALSE,FALSE,TRUE,co2_captured_Region20Guangxi,co2_transported_Region20Guangxi_to_Tarim,3073.7,0,93.718145,0,4.692449,0.08,25,15,0.0
OneWayTransmissionLink,Region20Guangxi_to_Ordos_CO2_Pipeline,Region20Guangxi,CO2Captured,TRUE,TRUE,FALSE,FALSE,TRUE,co2_captured_Region20Guangxi,co2_transported_Region20Guangxi_to_Ordos,1639.1,0,90.248569,0,4.518728,0.08,25,15,0.0
OneWayTransmissionLink,Region20Guangxi_to_YingenEjina_CO2_Pipeline,Region20Guangxi,CO2Captured,TRUE,TRUE,FALSE,FALSE,TRUE,co2_captured_Region20Guangxi,co2_transported_Region20Guangxi_to_YingenEjina,2173.8,0,91.790381,0,4.595926,0.08,25,15,0.0
OneWayTransmissionLink,Region20Guangxi_to_Hehuai_CO2_Pipeline,Region20Guangxi,CO2Captured,TRUE,TRUE,FALSE,FALSE,TRUE,co2_captured_Region20Guangxi,co2_transported_Region20Guangxi_to_Hehuai,1401.6,0,89.404925,0,4.476487,0.08,25,15,0.0
OneWayTransmissionLink,Region20Guangxi_to_Qinshui_CO2_Pipeline,Region20Guangxi,CO2Captured,TRUE,TRUE,FALSE,FALSE,TRUE,co2_captured_Region20Guangxi,co2_transported_Region20Guangxi_to_Qinshui,1594.4,0,90.098971,0,4.511238,0.08,25,15,0.0
OneWayTransmissionLink,Region20Guangxi_to_Erlian_CO2_Pipeline,Region20Guangxi,CO2Captured,TRUE,TRUE,FALSE,FALSE,TRUE,co2_captured_Region20Guangxi,co2_transported_Region20Guangxi_to_Erlian,2460.5,0,92.475225,0,4.630216,0.08,25,15,0.0
OneWayTransmissionLink,Region20Guangxi_to_Junggar_CO2_Pipeline,Region20Guangxi,CO2Captured,TRUE,TRUE,FALSE,FALSE,TRUE,co2_captured_Region20Guangxi,co2_transported_Region20Guangxi_to_Junggar,3130.0,0,93.820265,0,4.697562,0.08,25,15,0.0
OneWayTransmissionLink,Region20Guangxi_to_SichuanBasin_CO2_Pipeline,Region20Guangxi,CO2Captured,TRUE,TRUE,FALSE,FALSE,TRUE,co2_captured_Region20Guangxi,co2_transported_Region20Guangxi_to_SichuanBasin,871.4,0,86.891451,0,4.350638,0.08,25,15,0.0
OneWayTransmissionLink,Region20Guangxi_to_BohaiOffshore_CO2_Pipeline,Region20Guangxi,CO2Captured,TRUE,TRUE,FALSE,FALSE,TRUE,co2_captured_Region20Guangxi,co2_transported_Region20Guangxi_to_BohaiOffshore,2097.9,0,91.594856,0,4.586137,0.08,25,15,0.0
OneWayTransmissionLink,Region20Guangxi_to_NorthYellowSea_CO2_Pipeline,Region20Guangxi,CO2Captured,TRUE,TRUE,FALSE,FALSE,TRUE,co2_captured_Region20Guangxi,co2_transported_Region20Guangxi_to_NorthYellowSea,2235.7,0,91.945146,0,4.603676,0.08,25,15,0.0
OneWayTransmissionLink,Region20Guangxi_to_SouthYellowSea_CO2_Pipeline,Region20Guangxi,CO2Captured,TRUE,TRUE,FALSE,FALSE,TRUE,co2_captured_Region20Guangxi,co2_transported_Region20Guangxi_to_SouthYellowSea,2011.9,0,91.36511,0,4.574633,0.08,25,15,0.0
OneWayTransmissionLink,Region20Guangxi_to_EastChinaSea_CO2_Pipeline,Region20Guangxi,CO2Captured,TRUE,TRUE,FALSE,FALSE,TRUE,co2_captured_Region20Guangxi,co2_transported_Region20Guangxi_to_EastChinaSea,1789.7,0,90.725801,0,4.542623,0.08,25,15,0.0
OneWayTransmissionLink,Region20Guangxi_to_PearlRiverMouth_CO2_Pipeline,Region20Guangxi,CO2Captured,TRUE,TRUE,FALSE,FALSE,TRUE,co2_captured_Region20Guangxi,co2_transported_Region20Guangxi_to_PearlRiverMouth,687.2,0,85.662153,0,4.289087,0.08,25,15,0.0
OneWayTransmissionLink,Region20Guangxi_to_BeibugGulf_CO2_Pipeline,Region20Guangxi,CO2Captured,TRUE,TRUE,FALSE,FALSE,TRUE,co2_captured_Region20Guangxi,co2_transported_Region20Guangxi_to_BeibugGulf,285.3,0,81.260989,0,4.068722,0.08,25,15,0.0
OneWayTransmissionLink,Region20Guangxi_to_Qiongdongnan_CO2_Pipeline,Region20Guangxi,CO2Captured,TRUE,TRUE,FALSE,FALSE,TRUE,co2_captured_Region20Guangxi,co2_transported_Region20Guangxi_to_Qiongdongnan,594.2,0,84.918039,0,4.25183,0.08,25,15,0.0
OneWayTransmissionLink,Region21Hainan_to_Songliao_CO2_Pipeline,Region21Hainan,CO2Captured,TRUE,TRUE,FALSE,FALSE,TRUE,co2_captured_Region21Hainan,co2_transported_Region21Hainan_to_Songliao,3108.5,0,93.781473,0,4.69562,0.08,25,15,0.0
OneWayTransmissionLink,Region21Hainan_to_TurpanHami_CO2_Pipeline,Region21Hainan,CO2Captured,TRUE,TRUE,FALSE,FALSE,TRUE,co2_captured_Region21Hainan,co2_transported_Region21Hainan_to_TurpanHami,3061.9,0,93.696519,0,4.691366,0.08,25,15,0.0
OneWayTransmissionLink,Region21Hainan_to_Subei_CO2_Pipeline,Region21Hainan,CO2Captured,TRUE,TRUE,FALSE,FALSE,TRUE,co2_captured_Region21Hainan,co2_transported_Region21Hainan_to_Subei,1771.0,0,90.668642,0,4.539761,0.08,25,15,0.0
OneWayTransmissionLink,Region21Hainan_to_BohaiOnshore_CO2_Pipeline,Region21Hainan,CO2Captured,TRUE,TRUE,FALSE,FALSE,TRUE,co2_captured_Region21Hainan,co2_transported_Region21Hainan_to_BohaiOnshore,2114.2,0,91.6374,0,4.588267,0.08,25,15,0.0
OneWayTransmissionLink,Region21Hainan_to_Qaidam_CO2_Pipeline,Region21Hainan,CO2Captured,TRUE,TRUE,FALSE,FALSE,TRUE,co2_captured_Region21Hainan,co2_transported_Region21Hainan_to_Qaidam,2495.0,0,92.552516,0,4.634086,0.08,25,15,0.0
OneWayTransmissionLink,Region21Hainan_to_Nanxiang_CO2_Pipeline,Region21Hainan,CO2Captured,TRUE,TRUE,FALSE,FALSE,TRUE,co2_captured_Region21Hainan,co2_transported_Region21Hainan_to_Nanxiang,1414.0,0,89.452187,0,4.478854,0.08,25,15,0.0
OneWayTransmissionLink,Region21Hainan_to_Sanjiang_CO2_Pipeline,Region21Hainan,CO2Captured,TRUE,TRUE,FALSE,FALSE,TRUE,co2_captured_Region21Hainan,co2_transported_Region21Hainan_to_Sanjiang,3581.3,0,94.581552,0,4.73568,0.08,25,15,0.0
OneWayTransmissionLink,Region21Hainan_to_Hailar_CO2_Pipeline,Region21Hainan,CO2Captured,TRUE,TRUE,FALSE,FALSE,TRUE,co2_captured_Region21Hainan,co2_transported_Region21Hainan_to_Hailar,3291.1,0,94.103215,0,4.71173,0.08,25,15,0.0
OneWayTransmissionLink,Region21Hainan_to_Jianghan_CO2_Pipeline,Region21Hainan,CO2Captured,TRUE,TRUE,FALSE,FALSE,TRUE,co2_captured_Region21Hainan,co2_transported_Region21Hainan_to_Jianghan,1188.3,0,88.523701,0,4.432364,0.08,25,15,0.0
OneWayTransmissionLink,Region21Hainan_to_Tarim_CO2_Pipeline,Region21Hainan,CO2Captured,TRUE,TRUE,FALSE,FALSE,TRUE,co2_captured_Region21Hainan,co2_transported_Region21Hainan_to_Tarim,3434.8,0,94.344825,0,4.723827,0.08,25,15,0.0
OneWayTransmissionLink,Region21Hainan_to_Ordos_CO2_Pipeline,Region21Hainan,CO2Captured,TRUE,TRUE,FALSE,FALSE,TRUE,co2_captured_Region21Hainan,co2_transported_Region21Hainan_to_Ordos,1953.4,0,91.203492,0,4.566541,0.08,25,15,0.0
OneWayTransmissionLink,Region21Hainan_to_YingenEjina_CO2_Pipeline,Region21Hainan,CO2Captured,TRUE,TRUE,FALSE,FALSE,TRUE,co2_captured_Region21Hainan,co2_transported_Region21Hainan_to_YingenEjina,2527.4,0,92.624193,0,4.637675,0.08,25,15,0.0
OneWayTransmissionLink,Region21Hainan_to_Hehuai_CO2_Pipeline,Region21Hainan,CO2Captured,TRUE,TRUE,FALSE,FALSE,TRUE,co2_captured_Region21Hainan,co2_transported_Region21Hainan_to_Hehuai,1618.4,0,90.179775,0,4.515284,0.08,25,15,0.0
OneWayTransmissionLink,Region21Hainan_to_Qinshui_CO2_Pipeline,Region21Hainan,CO2Captured,TRUE,TRUE,FALSE,FALSE,TRUE,co2_captured_Region21Hainan,co2_transported_Region21Hainan_to_Qinshui,1865.0,0,90.950424,0,4.55387,0.08,25,15,0.0
OneWayTransmissionLink,Region21Hainan_to_Erlian_CO2_Pipeline,Region21Hainan,CO2Captured,TRUE,TRUE,FALSE,FALSE,TRUE,co2_captured_Region21Hainan,co2_transported_Region21Hainan_to_Erlian,2724.4,0,93.042259,0,4.658608,0.08,25,15,0.0
OneWayTransmissionLink,Region21Hainan_to_Junggar_CO2_Pipeline,Region21Hainan,CO2Captured,TRUE,TRUE,FALSE,FALSE,TRUE,co2_captured_Region21Hainan,co2_transported_Region21Hainan_to_Junggar,3499.9,0,94.451168,0,4.729152,0.08,25,15,0.0
OneWayTransmissionLink,Region21Hainan_to_SichuanBasin_CO2_Pipeline,Region21Hainan,CO2Captured,TRUE,TRUE,FALSE,FALSE,TRUE,co2_captured_Region21Hainan,co2_transported_Region21Hainan_to_SichuanBasin,1227.7,0,88.697123,0,4.441048,0.08,25,15,0.0
OneWayTransmissionLink,Region21Hainan_to_BohaiOffshore_CO2_Pipeline,Region21Hainan,CO2Captured,TRUE,TRUE,FALSE,FALSE,TRUE,co2_captured_Region21Hainan,co2_transported_Region21Hainan_to_BohaiOffshore,2293.1,0,92.085102,0,4.610683,0.08,25,15,0.0
OneWayTransmissionLink,Region21Hainan_to_NorthYellowSea_CO2_Pipeline,Region21Hainan,CO2Captured,TRUE,TRUE,FALSE,FALSE,TRUE,co2_captured_Region21Hainan,co2_transported_Region21Hainan_to_NorthYellowSea,2387.0,0,92.307107,0,4.621799,0.08,25,15,0.0
OneWayTransmissionLink,Region21Hainan_to_SouthYellowSea_CO2_Pipeline,Region21Hainan,CO2Captured,TRUE,TRUE,FALSE,FALSE,TRUE,co2_captured_Region21Hainan,co2_transported_Region21Hainan_to_SouthYellowSea,2133.8,0,91.688152,0,4.590808,0.08,25,15,0.0
OneWayTransmissionLink,Region21Hainan_to_EastChinaSea_CO2_Pipeline,Region21Hainan,CO2Captured,TRUE,TRUE,FALSE,FALSE,TRUE,co2_captured_Region21Hainan,co2_transported_Region21Hainan_to_EastChinaSea,1782.2,0,90.702944,0,4.541479,0.08,25,15,0.0
OneWayTransmissionLink,Region21Hainan_to_PearlRiverMouth_CO2_Pipeline,Region21Hainan,CO2Captured,TRUE,TRUE,FALSE,FALSE,TRUE,co2_captured_Region21Hainan,co2_transported_Region21Hainan_to_PearlRiverMouth,446.7,0,83.476639,0,4.179659,0.08,25,15,0.0
OneWayTransmissionLink,Region21Hainan_to_BeibugGulf_CO2_Pipeline,Region21Hainan,CO2Captured,TRUE,TRUE,FALSE,FALSE,TRUE,co2_captured_Region21Hainan,co2_transported_Region21Hainan_to_BeibugGulf,128.9,0,77.478137,0,3.879315,0.08,25,15,0.0
OneWayTransmissionLink,Region21Hainan_to_Qiongdongnan_CO2_Pipeline,Region21Hainan,CO2Captured,TRUE,TRUE,FALSE,FALSE,TRUE,co2_captured_Region21Hainan,co2_transported_Region21Hainan_to_Qiongdongnan,239.9,0,80.420323,0,4.02663,0.08,25,15,0.0
OneWayTransmissionLink,Region22Chongqing_to_Songliao_CO2_Pipeline,Region22Chongqing,CO2Captured,TRUE,TRUE,FALSE,FALSE,TRUE,co2_captured_Region22Chongqing,co2_transported_Region22Chongqing_to_Songliao,2353.7,0,68.849602,0,3.447286,0.08,25,15,0.0
OneWayTransmissionLink,Region22Chongqing_to_TurpanHami_CO2_Pipeline,Region22Chongqing,CO2Captured,TRUE,TRUE,FALSE,FALSE,TRUE,co2_captured_Region22Chongqing,co2_transported_Region22Chongqing_to_TurpanHami,1968.9,0,68.116102,0,3.41056,0.08,25,15,0.0
OneWayTransmissionLink,Region22Chongqing_to_Subei_CO2_Pipeline,Region22Chongqing,CO2Captured,TRUE,TRUE,FALSE,FALSE,TRUE,co2_captured_Region22Chongqing,co2_transported_Region22Chongqing_to_Subei,1366.9,0,66.640857,0,3.336695,0.08,25,15,0.0
OneWayTransmissionLink,Region22Chongqing_to_BohaiOnshore_CO2_Pipeline,Region22Chongqing,CO2Captured,TRUE,TRUE,FALSE,FALSE,TRUE,co2_captured_Region22Chongqing,co2_transported_Region22Chongqing_to_BohaiOnshore,1357.6,0,66.613565,0,3.335328,0.08,25,15,0.0
OneWayTransmissionLink,Region22Chongqing_to_Qaidam_CO2_Pipeline,Region22Chongqing,CO2Captured,TRUE,TRUE,FALSE,FALSE,TRUE,co2_captured_Region22Chongqing,co2_transported_Region22Chongqing_to_Qaidam,1450.4,0,66.878363,0,3.348587,0.08,25,15,0.0
OneWayTransmissionLink,Region22Chongqing_to_Nanxiang_CO2_Pipeline,Region22Chongqing,CO2Captured,TRUE,TRUE,FALSE,FALSE,TRUE,co2_captured_Region22Chongqing,co2_transported_Region22Chongqing_to_Nanxiang,651.8,0,63.744575,0,3.191678,0.08,25,15,0.0
OneWayTransmissionLink,Region22Chongqing_to_Sanjiang_CO2_Pipeline,Region22Chongqing,CO2Captured,TRUE,TRUE,FALSE,FALSE,TRUE,co2_captured_Region22Chongqing,co2_transported_Region22Chongqing_to_Sanjiang,2924.4,0,69.752307,0,3.492484,0.08,25,15,0.0
OneWayTransmissionLink,Region22Chongqing_to_Hailar_CO2_Pipeline,Region22Chongqing,CO2Captured,TRUE,TRUE,FALSE,FALSE,TRUE,co2_captured_Region22Chongqing,co2_transported_Region22Chongqing_to_Hailar,2378.6,0,68.893088,0,3.449463,0.08,25,15,0.0
OneWayTransmissionLink,Region22Chongqing_to_Jianghan_CO2_Pipeline,Region22Chongqing,CO2Captured,TRUE,TRUE,FALSE,FALSE,TRUE,co2_captured_Region22Chongqing,co2_transported_Region22Chongqing_to_Jianghan,621.4,0,63.562159,0,3.182545,0.08,25,15,0.0
OneWayTransmissionLink,Region22Chongqing_to_Tarim_CO2_Pipeline,Region22Chongqing,CO2Captured,TRUE,TRUE,FALSE,FALSE,TRUE,co2_captured_Region22Chongqing,co2_transported_Region22Chongqing_to_Tarim,2468.1,0,69.045938,0,3.457117,0.08,25,15,0.0
OneWayTransmissionLink,Region22Chongqing_to_Ordos_CO2_Pipeline,Region22Chongqing,CO2Captured,TRUE,TRUE,FALSE,FALSE,TRUE,co2_captured_Region22Chongqing,co2_transported_Region22Chongqing_to_Ordos,911.0,0,65.038044,0,3.256442,0.08,25,15,0.0
OneWayTransmissionLink,Region22Chongqing_to_YingenEjina_CO2_Pipeline,Region22Chongqing,CO2Captured,TRUE,TRUE,FALSE,FALSE,TRUE,co2_captured_Region22Chongqing,co2_transported_Region22Chongqing_to_YingenEjina,1403.1,0,66.745453,0,3.341932,0.08,25,15,0.0
OneWayTransmissionLink,Region22Chongqing_to_Hehuai_CO2_Pipeline,Region22Chongqing,CO2Captured,TRUE,TRUE,FALSE,FALSE,TRUE,co2_captured_Region22Chongqing,co2_transported_Region22Chongqing_to_Hehuai,938.1,0,65.152535,0,3.262175,0.08,25,15,0.0
OneWayTransmissionLink,Region22Chongqing_to_Qinshui_CO2_Pipeline,Region22Chongqing,CO2Captured,TRUE,TRUE,FALSE,FALSE,TRUE,co2_captured_Region22Chongqing,co2_transported_Region22Chongqing_to_Qinshui,966.1,0,65.267607,0,3.267936,0.08,25,15,0.0
OneWayTransmissionLink,Region22Chongqing_to_Erlian_CO2_Pipeline,Region22Chongqing,CO2Captured,TRUE,TRUE,FALSE,FALSE,TRUE,co2_captured_Region22Chongqing,co2_transported_Region22Chongqing_to_Erlian,1801.9,0,67.754822,0,3.392471,0.08,25,15,0.0
OneWayTransmissionLink,Region22Chongqing_to_Junggar_CO2_Pipeline,Region22Chongqing,CO2Captured,TRUE,TRUE,FALSE,FALSE,TRUE,co2_captured_Region22Chongqing,co2_transported_Region22Chongqing_to_Junggar,2416.8,0,68.958977,0,3.452763,0.08,25,15,0.0
OneWayTransmissionLink,Region22Chongqing_to_SichuanBasin_CO2_Pipeline,Region22Chongqing,CO2Captured,TRUE,TRUE,FALSE,FALSE,TRUE,co2_captured_Region22Chongqing,co2_transported_Region22Chongqing_to_SichuanBasin,104.3,0,57.107536,0,2.859363,0.08,25,15,0.0
OneWayTransmissionLink,Region22Chongqing_to_BohaiOffshore_CO2_Pipeline,Region22Chongqing,CO2Captured,TRUE,TRUE,FALSE,FALSE,TRUE,co2_captured_Region22Chongqing,co2_transported_Region22Chongqing_to_BohaiOffshore,1600.4,0,67.274438,0,3.368418,0.08,25,15,0.0
OneWayTransmissionLink,Region22Chongqing_to_NorthYellowSea_CO2_Pipeline,Region22Chongqing,CO2Captured,TRUE,TRUE,FALSE,FALSE,TRUE,co2_captured_Region22Chongqing,co2_transported_Region22Chongqing_to_NorthYellowSea,1823.5,0,67.803282,0,3.394897,0.08,25,15,0.0
OneWayTransmissionLink,Region22Chongqing_to_SouthYellowSea_CO2_Pipeline,Region22Chongqing,CO2Captured,TRUE,TRUE,FALSE,FALSE,TRUE,co2_captured_Region22Chongqing,co2_transported_Region22Chongqing_to_SouthYellowSea,1684.9,0,67.482446,0,3.378833,0.08,25,15,0.0
OneWayTransmissionLink,Region22Chongqing_to_EastChinaSea_CO2_Pipeline,Region22Chongqing,CO2Captured,TRUE,TRUE,FALSE,FALSE,TRUE,co2_captured_Region22Chongqing,co2_transported_Region22Chongqing_to_EastChinaSea,1767.7,0,67.676966,0,3.388572,0.08,25,15,0.0
OneWayTransmissionLink,Region22Chongqing_to_PearlRiverMouth_CO2_Pipeline,Region22Chongqing,CO2Captured,TRUE,TRUE,FALSE,FALSE,TRUE,co2_captured_Region22Chongqing,co2_transported_Region22Chongqing_to_PearlRiverMouth,1281.3,0,66.382777,0,3.323773,0.08,25,15,0.0
OneWayTransmissionLink,Region22Chongqing_to_BeibugGulf_CO2_Pipeline,Region22Chongqing,CO2Captured,TRUE,TRUE,FALSE,FALSE,TRUE,co2_captured_Region22Chongqing,co2_transported_Region22Chongqing_to_BeibugGulf,1056.5,0,65.618838,0,3.285522,0.08,25,15,0.0
OneWayTransmissionLink,Region22Chongqing_to_Qiongdongnan_CO2_Pipeline,Region22Chongqing,CO2Captured,TRUE,TRUE,FALSE,FALSE,TRUE,co2_captured_Region22Chongqing,co2_transported_Region22Chongqing_to_Qiongdongnan,1360.4,0,66.6218,0,3.335741,0.08,25,15,0.0
OneWayTransmissionLink,Region23Sichuan_to_Songliao_CO2_Pipeline,Region23Sichuan,CO2Captured,TRUE,TRUE,FALSE,FALSE,TRUE,co2_captured_Region23Sichuan,co2_transported_Region23Sichuan_to_Songliao,2414.6,0,68.955209,0,3.452574,0.08,25,15,0.0
OneWayTransmissionLink,Region23Sichuan_to_TurpanHami_CO2_Pipeline,Region23Sichuan,CO2Captured,TRUE,TRUE,FALSE,FALSE,TRUE,co2_captured_Region23Sichuan,co2_transported_Region23Sichuan_to_TurpanHami,1736.3,0,67.604227,0,3.38493,0.08,25,15,0.0
OneWayTransmissionLink,Region23Sichuan_to_Subei_CO2_Pipeline,Region23Sichuan,CO2Captured,TRUE,TRUE,FALSE,FALSE,TRUE,co2_captured_Region23Sichuan,co2_transported_Region23Sichuan_to_Subei,1559.3,0,67.169505,0,3.363164,0.08,25,15,0.0
OneWayTransmissionLink,Region23Sichuan_to_BohaiOnshore_CO2_Pipeline,Region23Sichuan,CO2Captured,TRUE,TRUE,FALSE,FALSE,TRUE,co2_captured_Region23Sichuan,co2_transported_Region23Sichuan_to_BohaiOnshore,1455.6,0,66.892725,0,3.349306,0.08,25,15,0.0
OneWayTransmissionLink,Region23Sichuan_to_Qaidam_CO2_Pipeline,Region23Sichuan,CO2Captured,TRUE,TRUE,FALSE,FALSE,TRUE,co2_captured_Region23Sichuan,co2_transported_Region23Sichuan_to_Qaidam,1196.8,0,66.111599,0,3.310195,0.08,25,15,0.0
OneWayTransmissionLink,Region23Sichuan_to_Nanxiang_CO2_Pipeline,Region23Sichuan,CO2Captured,TRUE,TRUE,FALSE,FALSE,TRUE,co2_captured_Region23Sichuan,co2_transported_Region23Sichuan_to_Nanxiang,820.4,0,64.630558,0,3.236039,0.08,25,15,0.0
OneWayTransmissionLink,Region23Sichuan_to_Sanjiang_CO2_Pipeline,Region23Sichuan,CO2Captured,TRUE,TRUE,FALSE,FALSE,TRUE,co2_captured_Region23Sichuan,co2_transported_Region23Sichuan_to_Sanjiang,3005.7,0,69.867162,0,3.498235,0.08,25,15,0.0
OneWayTransmissionLink,Region23Sichuan_to_Hailar_CO2_Pipeline,Region23Sichuan,CO2Captured,TRUE,TRUE,FALSE,FALSE,TRUE,co2_captured_Region23Sichuan,co2_transported_Region23Sichuan_to_Hailar,2375.2,0,68.887176,0,3.449167,0.08,25,15,0.0
OneWayTransmissionLink,Region23Sichuan_to_Jianghan_CO2_Pipeline,Region23Sichuan,CO2Captured,TRUE,TRUE,FALSE,FALSE,TRUE,co2_captured_Region23Sichuan,co2_transported_Region23Sichuan_to_Jianghan,847.9,0,64.758539,0,3.242447,0.08,25,15,0.0
OneWayTransmissionLink,Region23Sichuan_to_Tarim_CO2_Pipeline,Region23Sichuan,CO2Captured,TRUE,TRUE,FALSE,FALSE,TRUE,co2_captured_Region23Sichuan,co2_transported_Region23Sichuan_to_Tarim,2206.1,0,68.582589,0,3.433917,0.08,25,15,0.0
OneWayTransmissionLink,Region23Sichuan_to_Ordos_CO2_Pipeline,Region23Sichuan,CO2Captured,TRUE,TRUE,FALSE,FALSE,TRUE,co2_captured_Region23Sichuan,co2_transported_Region23Sichuan_to_Ordos,886.5,0,64.931748,0,3.25112,0.08,25,15,0.0
OneWayTransmissionLink,Region23Sichuan_to_YingenEjina_CO2_Pipeline,Region23Sichuan,CO2Captured,TRUE,TRUE,FALSE,FALSE,TRUE,co2_captured_Region23Sichuan,co2_transported_Region23Sichuan_to_YingenEjina,1236.7,0,66.241816,0,3.316715,0.08,25,15,0.0
OneWayTransmissionLink,Region23Sichuan_to_Hehuai_CO2_Pipeline,Region23Sichuan,CO2Captured,TRUE,TRUE,FALSE,FALSE,TRUE,co2_captured_Region23Sichuan,co2_transported_Region23Sichuan_to_Hehuai,1095.4,0,65.761352,0,3.292658,0.08,25,15,0.0
OneWayTransmissionLink,Region23Sichuan_to_Qinshui_CO2_Pipeline,Region23Sichuan,CO2Captured,TRUE,TRUE,FALSE,FALSE,TRUE,co2_captured_Region23Sichuan,co2_transported_Region23Sichuan_to_Qinshui,1033.2,0,65.531096,0,3.281129,0.08,25,15,0.0
OneWayTransmissionLink,Region23Sichuan_to_Erlian_CO2_Pipeline,Region23Sichuan,CO2Captured,TRUE,TRUE,FALSE,FALSE,TRUE,co2_captured_Region23Sichuan,co2_transported_Region23Sichuan_to_Erlian,1808.5,0,67.769687,0,3.393215,0.08,25,15,0.0
OneWayTransmissionLink,Region23Sichuan_to_Junggar_CO2_Pipeline,Region23Sichuan,CO2Captured,TRUE,TRUE,FALSE,FALSE,TRUE,co2_captured_Region23Sichuan,co2_transported_Region23Sichuan_to_Junggar,2179.6,0,68.532879,0,3.431428,0.08,25,15,0.0
OneWayTransmissionLink,Region23Sichuan_to_SichuanBasin_CO2_Pipeline,Region23Sichuan,CO2Captured,TRUE,TRUE,FALSE,FALSE,TRUE,co2_captured_Region23Sichuan,co2_transported_Region23Sichuan_to_SichuanBasin,184.4,0,59.093814,0,2.958816,0.08,25,15,0.0
OneWayTransmissionLink,Region23Sichuan_to_BohaiOffshore_CO2_Pipeline,Region23Sichuan,CO2Captured,TRUE,TRUE,FALSE,FALSE,TRUE,co2_captured_Region23Sichuan,co2_transported_Region23Sichuan_to_BohaiOffshore,1707.4,0,67.536179,0,3.381523,0.08,25,15,0.0
OneWayTransmissionLink,Region23Sichuan_to_NorthYellowSea_CO2_Pipeline,Region23Sichuan,CO2Captured,TRUE,TRUE,FALSE,FALSE,TRUE,co2_captured_Region23Sichuan,co2_transported_Region23Sichuan_to_NorthYellowSea,1958.9,0,68.095295,0,3.409518,0.08,25,15,0.0
OneWayTransmissionLink,Region23Sichuan_to_SouthYellowSea_CO2_Pipeline,Region23Sichuan,CO2Captured,TRUE,TRUE,FALSE,FALSE,TRUE,co2_captured_Region23Sichuan,co2_transported_Region23Sichuan_to_SouthYellowSea,1853.3,0,67.86926,0,3.398201,0.08,25,15,0.0
OneWayTransmissionLink,Region23Sichuan_to_EastChinaSea_CO2_Pipeline,Region23Sichuan,CO2Captured,TRUE,TRUE,FALSE,FALSE,TRUE,co2_captured_Region23Sichuan,co2_transported_Region23Sichuan_to_EastChinaSea,2002.5,0,68.185294,0,3.414024,0.08,25,15,0.0
OneWayTransmissionLink,Region23Sichuan_to_PearlRiverMouth_CO2_Pipeline,Region23Sichuan,CO2Captured,TRUE,TRUE,FALSE,FALSE,TRUE,co2_captured_Region23Sichuan,co2_transported_Region23Sichuan_to_PearlRiverMouth,1527.4,0,67.086253,0,3.358996,0.08,25,15,0.0
OneWayTransmissionLink,Region23Sichuan_to_BeibugGulf_CO2_Pipeline,Region23Sichuan,CO2Captured,TRUE,TRUE,FALSE,FALSE,TRUE,co2_captured_Region23Sichuan,co2_transported_Region23Sichuan_to_BeibugGulf,1244.8,0,66.267768,0,3.318014,0.08,25,15,0.0
OneWayTransmissionLink,Region23Sichuan_to_Qiongdongnan_CO2_Pipeline,Region23Sichuan,CO2Captured,TRUE,TRUE,FALSE,FALSE,TRUE,co2_captured_Region23Sichuan,co2_transported_Region23Sichuan_to_Qiongdongnan,1556.1,0,67.161226,0,3.36275,0.08,25,15,0.0
OneWayTransmissionLink,Region24Guizhou_to_Songliao_CO2_Pipeline,Region24Guizhou,CO2Captured,TRUE,TRUE,FALSE,FALSE,TRUE,co2_captured_Region24Guizhou,co2_transported_Region24Guizhou_to_Songliao,2618.6,0,69.291588,0,3.469416,0.08,25,15,0.0
OneWayTransmissionLink,Region24Guizhou_to_TurpanHami_CO2_Pipeline,Region24Guizhou,CO2Captured,TRUE,TRUE,FALSE,FALSE,TRUE,co2_captured_Region24Guizhou,co2_transported_Region24Guizhou_to_TurpanHami,2246.7,0,68.657672,0,3.437676,0.08,25,15,0.0
OneWayTransmissionLink,Region24Guizhou_to_Subei_CO2_Pipeline,Region24Guizhou,CO2Captured,TRUE,TRUE,FALSE,FALSE,TRUE,co2_captured_Region24Guizhou,co2_transported_Region24Guizhou_to_Subei,1503.6,0,67.023068,0,3.355832,0.08,25,15,0.0
OneWayTransmissionLink,Region24Guizhou_to_BohaiOnshore_CO2_Pipeline,Region24Guizhou,CO2Captured,TRUE,TRUE,FALSE,FALSE,TRUE,co2_captured_Region24Guizhou,co2_transported_Region24Guizhou_to_BohaiOnshore,1606.9,0,67.290801,0,3.369237,0.08,25,15,0.0
OneWayTransmissionLink,Region24Guizhou_to_Qaidam_CO2_Pipeline,Region24Guizhou,CO2Captured,TRUE,TRUE,FALSE,FALSE,TRUE,co2_captured_Region24Guizhou,co2_transported_Region24Guizhou_to_Qaidam,1693.1,0,67.502106,0,3.379817,0.08,25,15,0.0
OneWayTransmissionLink,Region24Guizhou_to_Nanxiang_CO2_Pipeline,Region24Guizhou,CO2Captured,TRUE,TRUE,FALSE,FALSE,TRUE,co2_captured_Region24Guizhou,co2_transported_Region24Guizhou_to_Nanxiang,866.4,0,64.842459,0,3.246649,0.08,25,15,0.0
OneWayTransmissionLink,Region24Guizhou_to_Sanjiang_CO2_Pipeline,Region24Guizhou,CO2Captured,TRUE,TRUE,FALSE,FALSE,TRUE,co2_captured_Region24Guizhou,co2_transported_Region24Guizhou_to_Sanjiang,3169.1,0,70.089429,0,3.509364,0.08,25,15,0.0
OneWayTransmissionLink,Region24Guizhou_to_Hailar_CO2_Pipeline,Region24Guizhou,CO2Captured,TRUE,TRUE,FALSE,FALSE,TRUE,co2_captured_Region24Guizhou,co2_transported_Region24Guizhou_to_Hailar,2681.9,0,69.390964,0,3.474392,0.08,25,15,0.0
OneWayTransmissionLink,Region24Guizhou_to_Jianghan_CO2_Pipeline,Region24Guizhou,CO2Captured,TRUE,TRUE,FALSE,FALSE,TRUE,co2_captured_Region24Guizhou,co2_transported_Region24Guizhou_to_Jianghan,744.2,0,64.253642,0,3.217167,0.08,25,15,0.0
OneWayTransmissionLink,Region24Guizhou_to_Tarim_CO2_Pipeline,Region24Guizhou,CO2Captured,TRUE,TRUE,FALSE,FALSE,TRUE,co2_captured_Region24Guizhou,co2_transported_Region24Guizhou_to_Tarim,2672.4,0,69.376192,0,3.473652,0.08,25,15,0.0
OneWayTransmissionLink,Region24Guizhou_to_Ordos_CO2_Pipeline,Region24Guizhou,CO2Captured,TRUE,TRUE,FALSE,FALSE,TRUE,co2_captured_Region24Guizhou,co2_transported_Region24Guizhou_to_Ordos,1232.9,0,66.229586,0,3.316102,0.08,25,15,0.0
OneWayTransmissionLink,Region24Guizhou_to_YingenEjina_CO2_Pipeline,Region24Guizhou,CO2Captured,TRUE,TRUE,FALSE,FALSE,TRUE,co2_captured_Region24Guizhou,co2_transported_Region24Guizhou_to_YingenEjina,1724.1,0,67.575632,0,3.383499,0.08,25,15,0.0
OneWayTransmissionLink,Region24Guizhou_to_Hehuai_CO2_Pipeline,Region24Guizhou,CO2Captured,TRUE,TRUE,FALSE,FALSE,TRUE,co2_captured_Region24Guizhou,co2_transported_Region24Guizhou_to_Hehuai,1144.2,0,65.933554,0,3.30128,0.08,25,15,0.0
OneWayTransmissionLink,Region24Guizhou_to_Qinshui_CO2_Pipeline,Region24Guizhou,CO2Captured,TRUE,TRUE,FALSE,FALSE,TRUE,co2_captured_Region24Guizhou,co2_transported_Region24Guizhou_to_Qinshui,1248.7,0,66.280207,0,3.318637,0.08,25,15,0.0
OneWayTransmissionLink,Region24Guizhou_to_Erlian_CO2_Pipeline,Region24Guizhou,CO2Captured,TRUE,TRUE,FALSE,FALSE,TRUE,co2_captured_Region24Guizhou,co2_transported_Region24Guizhou_to_Erlian,2103.8,0,68.387485,0,3.424148,0.08,25,15,0.0
OneWayTransmissionLink,Region24Guizhou_to_Junggar_CO2_Pipeline,Region24Guizhou,CO2Captured,TRUE,TRUE,FALSE,FALSE,TRUE,co2_captured_Region24Guizhou,co2_transported_Region24Guizhou_to_Junggar,2687.9,0,69.400269,0,3.474858,0.08,25,15,0.0
OneWayTransmissionLink,Region24Guizhou_to_SichuanBasin_CO2_Pipeline,Region24Guizhou,CO2Captured,TRUE,TRUE,FALSE,FALSE,TRUE,co2_captured_Region24Guizhou,co2_transported_Region24Guizhou_to_SichuanBasin,424.0,0,62.120983,0,3.110385,0.08,25,15,0.0
OneWayTransmissionLink,Region24Guizhou_to_BohaiOffshore_CO2_Pipeline,Region24Guizhou,CO2Captured,TRUE,TRUE,FALSE,FALSE,TRUE,co2_captured_Region24Guizhou,co2_transported_Region24Guizhou_to_BohaiOffshore,1836.6,0,67.832409,0,3.396355,0.08,25,15,0.0
OneWayTransmissionLink,Region24Guizhou_to_NorthYellowSea_CO2_Pipeline,Region24Guizhou,CO2Captured,TRUE,TRUE,FALSE,FALSE,TRUE,co2_captured_Region24Guizhou,co2_transported_Region24Guizhou_to_NorthYellowSea,2026.6,0,68.234254,0,3.416476,0.08,25,15,0.0
OneWayTransmissionLink,Region24Guizhou_to_SouthYellowSea_CO2_Pipeline,Region24Guizhou,CO2Captured,TRUE,TRUE,FALSE,FALSE,TRUE,co2_captured_Region24Guizhou,co2_transported_Region24Guizhou_to_SouthYellowSea,1849.3,0,67.860462,0,3.39776,0.08,25,15,0.0
OneWayTransmissionLink,Region24Guizhou_to_EastChinaSea_CO2_Pipeline,Region24Guizhou,CO2Captured,TRUE,TRUE,FALSE,FALSE,TRUE,co2_captured_Region24Guizhou,co2_transported_Region24Guizhou_to_EastChinaSea,1801.4,0,67.753694,0,3.392414,0.08,25,15,0.0
OneWayTransmissionLink,Region24Guizhou_to_PearlRiverMouth_CO2_Pipeline,Region24Guizhou,CO2Captured,TRUE,TRUE,FALSE,FALSE,TRUE,co2_captured_Region24Guizhou,co2_transported_Region24Guizhou_to_PearlRiverMouth,1041.9,0,65.564074,0,3.28278,0.08,25,15,0.0
OneWayTransmissionLink,Region24Guizhou_to_BeibugGulf_CO2_Pipeline,Region24Guizhou,CO2Captured,TRUE,TRUE,FALSE,FALSE,TRUE,co2_captured_Region24Guizhou,co2_transported_Region24Guizhou_to_BeibugGulf,737.3,0,64.217741,0,3.21537,0.08,25,15,0.0
OneWayTransmissionLink,Region24Guizhou_to_Qiongdongnan_CO2_Pipeline,Region24Guizhou,CO2Captured,TRUE,TRUE,FALSE,FALSE,TRUE,co2_captured_Region24Guizhou,co2_transported_Region24Guizhou_to_Qiongdongnan,1046.7,0,65.582158,0,3.283686,0.08,25,15,0.0
OneWayTransmissionLink,Region25Yunnan_to_Songliao_CO2_Pipeline,Region25Yunnan,CO2Captured,TRUE,TRUE,FALSE,FALSE,TRUE,co2_captured_Region25Yunnan,co2_transported_Region25Yunnan_to_Songliao,2982.9,0,69.835249,0,3.496637,0.08,25,15,0.0
OneWayTransmissionLink,Region25Yunnan_to_TurpanHami_CO2_Pipeline,Region25Yunnan,CO2Captured,TRUE,TRUE,FALSE,FALSE,TRUE,co2_captured_Region25Yunnan,co2_transported_Region25Yunnan_to_TurpanHami,2207.1,0,68.584454,0,3.43401,0.08,25,15,0.0
OneWayTransmissionLink,Region25Yunnan_to_Subei_CO2_Pipeline,Region25Yunnan,CO2Captured,TRUE,TRUE,FALSE,FALSE,TRUE,co2_captured_Region25Yunnan,co2_transported_Region25Yunnan_to_Subei,1933.8,0,68.042625,0,3.406881,0.08,25,15,0.0
OneWayTransmissionLink,Region25Yunnan_to_BohaiOnshore_CO2_Pipeline,Region25Yunnan,CO2Captured,TRUE,TRUE,FALSE,FALSE,TRUE,co2_captured_Region25Yunnan,co2_transported_Region25Yunnan_to_BohaiOnshore,1985.7,0,68.150836,0,3.412299,0.08,25,15,0.0
OneWayTransmissionLink,Region25Yunnan_to_Qaidam_CO2_Pipeline,Region25Yunnan,CO2Captured,TRUE,TRUE,FALSE,FALSE,TRUE,co2_captured_Region25Yunnan,co2_transported_Region25Yunnan_to_Qaidam,1604.2,0,67.284012,0,3.368897,0.08,25,15,0.0
OneWayTransmissionLink,Region25Yunnan_to_Nanxiang_CO2_Pipeline,Region25Yunnan,CO2Captured,TRUE,TRUE,FALSE,FALSE,TRUE,co2_captured_Region25Yunnan,co2_transported_Region25Yunnan_to_Nanxiang,1263.7,0,66.32771,0,3.321016,0.08,25,15,0.0
OneWayTransmissionLink,Region25Yunnan_to_Sanjiang_CO2_Pipeline,Region25Yunnan,CO2Captured,TRUE,TRUE,FALSE,FALSE,TRUE,co2_captured_Region25Yunnan,co2_transported_Region25Yunnan_to_Sanjiang,3553.0,0,70.571944,0,3.533523,0.08,25,15,0.0
OneWayTransmissionLink,Region25Yunnan_to_Hailar_CO2_Pipeline,Region25Yunnan,CO2Captured,TRUE,TRUE,FALSE,FALSE,TRUE,co2_captured_Region25Yunnan,co2_transported_Region25Yunnan_to_Hailar,2988.6,0,69.843249,0,3.497038,0.08,25,15,0.0
OneWayTransmissionLink,Region25Yunnan_to_Jianghan_CO2_Pipeline,Region25Yunnan,CO2Captured,TRUE,TRUE,FALSE,FALSE,TRUE,co2_captured_Region25Yunnan,co2_transported_Region25Yunnan_to_Jianghan,1171.3,0,66.026223,0,3.30592,0.08,25,15,0.0
OneWayTransmissionLink,Region25Yunnan_to_Tarim_CO2_Pipeline,Region25Yunnan,CO2Captured,TRUE,TRUE,FALSE,FALSE,TRUE,co2_captured_Region25Yunnan,co2_transported_Region25Yunnan_to_Tarim,2487.2,0,69.077881,0,3.458716,0.08,25,15,0.0
OneWayTransmissionLink,Region25Yunnan_to_Ordos_CO2_Pipeline,Region25Yunnan,CO2Captured,TRUE,TRUE,FALSE,FALSE,TRUE,co2_captured_Region25Yunnan,co2_transported_Region25Yunnan_to_Ordos,1502.6,0,67.020393,0,3.355698,0.08,25,15,0.0
OneWayTransmissionLink,Region25Yunnan_to_YingenEjina_CO2_Pipeline,Region25Yunnan,CO2Captured,TRUE,TRUE,FALSE,FALSE,TRUE,co2_captured_Region25Yunnan,co2_transported_Region25Yunnan_to_YingenEjina,1833.1,0,67.824646,0,3.395967,0.08,25,15,0.0
OneWayTransmissionLink,Region25Yunnan_to_Hehuai_CO2_Pipeline,Region25Yunnan,CO2Captured,TRUE,TRUE,FALSE,FALSE,TRUE,co2_captured_Region25Yunnan,co2_transported_Region25Yunnan_to_Hehuai,1548.7,0,67.14202,0,3.361788,0.08,25,15,0.0
OneWayTransmissionLink,Region25Yunnan_to_Qinshui_CO2_Pipeline,Region25Yunnan,CO2Captured,TRUE,TRUE,FALSE,FALSE,TRUE,co2_captured_Region25Yunnan,co2_transported_Region25Yunnan_to_Qinshui,1594.2,0,67.258772,0,3.367634,0.08,25,15,0.0
OneWayTransmissionLink,Region25Yunnan_to_Erlian_CO2_Pipeline,Region25Yunnan,CO2Captured,TRUE,TRUE,FALSE,FALSE,TRUE,co2_captured_Region25Yunnan,co2_transported_Region25Yunnan_to_Erlian,2415.6,0,68.956922,0,3.45266,0.08,25,15,0.0
OneWayTransmissionLink,Region25Yunnan_to_Junggar_CO2_Pipeline,Region25Yunnan,CO2Captured,TRUE,TRUE,FALSE,FALSE,TRUE,co2_captured_Region25Yunnan,co2_transported_Region25Yunnan_to_Junggar,2622.7,0,69.298093,0,3.469742,0.08,25,15,0.0
OneWayTransmissionLink,Region25Yunnan_to_SichuanBasin_CO2_Pipeline,Region25Yunnan,CO2Captured,TRUE,TRUE,FALSE,FALSE,TRUE,co2_captured_Region25Yunnan,co2_transported_Region25Yunnan_to_SichuanBasin,672.3,0,63.863123,0,3.197614,0.08,25,15,0.0
OneWayTransmissionLink,Region25Yunnan_to_BohaiOffshore_CO2_Pipeline,Region25Yunnan,CO2Captured,TRUE,TRUE,FALSE,FALSE,TRUE,co2_captured_Region25Yunnan,co2_transported_Region25Yunnan_to_BohaiOffshore,2226.0,0,68.619552,0,3.435768,0.08,25,15,0.0
OneWayTransmissionLink,Region25Yunnan_to_NorthYellowSea_CO2_Pipeline,Region25Yunnan,CO2Captured,TRUE,TRUE,FALSE,FALSE,TRUE,co2_captured_Region25Yunnan,co2_transported_Region25Yunnan_to_NorthYellowSea,2436.4,0,68.992405,0,3.454436,0.08,25,15,0.0
OneWayTransmissionLink,Region25Yunnan_to_SouthYellowSea_CO2_Pipeline,Region25Yunnan,CO2Captured,TRUE,TRUE,FALSE,FALSE,TRUE,co2_captured_Region25Yunnan,co2_transported_Region25Yunnan_to_SouthYellowSea,2273.8,0,68.707082,0,3.44015,0.08,25,15,0.0
OneWayTransmissionLink,Region25Yunnan_to_EastChinaSea_CO2_Pipeline,Region25Yunnan,CO2Captured,TRUE,TRUE,FALSE,FALSE,TRUE,co2_captured_Region25Yunnan,co2_transported_Region25Yunnan_to_EastChinaSea,2232.9,0,68.632295,0,3.436406,0.08,25,15,0.0
OneWayTransmissionLink,Region25Yunnan_to_PearlRiverMouth_CO2_Pipeline,Region25Yunnan,CO2Captured,TRUE,TRUE,FALSE,FALSE,TRUE,co2_captured_Region25Yunnan,co2_transported_Region25Yunnan_to_PearlRiverMouth,1312.0,0,66.477151,0,3.328498,0.08,25,15,0.0
OneWayTransmissionLink,Region25Yunnan_to_BeibugGulf_CO2_Pipeline,Region25Yunnan,CO2Captured,TRUE,TRUE,FALSE,FALSE,TRUE,co2_captured_Region25Yunnan,co2_transported_Region25Yunnan_to_BeibugGulf,841.5,0,64.729107,0,3.240974,0.08,25,15,0.0
OneWayTransmissionLink,Region25Yunnan_to_Qiongdongnan_CO2_Pipeline,Region25Yunnan,CO2Captured,TRUE,TRUE,FALSE,FALSE,TRUE,co2_captured_Region25Yunnan,co2_transported_Region25Yunnan_to_Qiongdongnan,1138.6,0,65.914147,0,3.300308,0.08,25,15,0.0
OneWayTransmissionLink,Region26Tibet_to_Songliao_CO2_Pipeline,Region26Tibet,CO2Captured,TRUE,TRUE,FALSE,FALSE,TRUE,co2_captured_Region26Tibet,co2_transported_Region26Tibet_to_Songliao,3372.3,0,70.35127,0,3.522474,0.08,25,15,0.0
OneWayTransmissionLink,Region26Tibet_to_TurpanHami_CO2_Pipeline,Region26Tibet,CO2Captured,TRUE,TRUE,FALSE,FALSE,TRUE,co2_captured_Region26Tibet,co2_transported_Region26Tibet_to_TurpanHami,1460.4,0,66.90594,0,3.349967,0.08,25,15,0.0
OneWayTransmissionLink,Region26Tibet_to_Subei_CO2_Pipeline,Region26Tibet,CO2Captured,TRUE,TRUE,FALSE,FALSE,TRUE,co2_captured_Region26Tibet,co2_transported_Region26Tibet_to_Subei,2782.5,0,69.54445,0,3.482077,0.08,25,15,0.0
OneWayTransmissionLink,Region26Tibet_to_BohaiOnshore_CO2_Pipeline,Region26Tibet,CO2Captured,TRUE,TRUE,FALSE,FALSE,TRUE,co2_captured_Region26Tibet,co2_transported_Region26Tibet_to_BohaiOnshore,2555.8,0,69.190741,0,3.464367,0.08,25,15,0.0
OneWayTransmissionLink,Region26Tibet_to_Qaidam_CO2_Pipeline,Region26Tibet,CO2Captured,TRUE,TRUE,FALSE,FALSE,TRUE,co2_captured_Region26Tibet,co2_transported_Region26Tibet_to_Qaidam,908.2,0,65.026033,0,3.255841,0.08,25,15,0.0
OneWayTransmissionLink,Region26Tibet_to_Nanxiang_CO2_Pipeline,Region26Tibet,CO2Captured,TRUE,TRUE,FALSE,FALSE,TRUE,co2_captured_Region26Tibet,co2_transported_Region26Tibet_to_Nanxiang,2042.7,0,68.266658,0,3.418098,0.08,25,15,0.0
OneWayTransmissionLink,Region26Tibet_to_Sanjiang_CO2_Pipeline,Region26Tibet,CO2Captured,TRUE,TRUE,FALSE,FALSE,TRUE,co2_captured_Region26Tibet,co2_transported_Region26Tibet_to_Sanjiang,3989.1,0,71.063871,0,3.558154,0.08,25,15,0.0
OneWayTransmissionLink,Region26Tibet_to_Hailar_CO2_Pipeline,Region26Tibet,CO2Captured,TRUE,TRUE,FALSE,FALSE,TRUE,co2_captured_Region26Tibet,co2_transported_Region26Tibet_to_Hailar,3151.2,0,70.065613,0,3.508172,0.08,25,15,0.0
OneWayTransmissionLink,Region26Tibet_to_Jianghan_CO2_Pipeline,Region26Tibet,CO2Captured,TRUE,TRUE,FALSE,FALSE,TRUE,co2_captured_Region26Tibet,co2_transported_Region26Tibet_to_Jianghan,2091.8,0,68.364018,0,3.422973,0.08,25,15,0.0
OneWayTransmissionLink,Region26Tibet_to_Tarim_CO2_Pipeline,Region26Tibet,CO2Captured,TRUE,TRUE,FALSE,FALSE,TRUE,co2_captured_Region26Tibet,co2_transported_Region26Tibet_to_Tarim,1354.1,0,66.603248,0,3.334812,0.08,25,15,0.0
OneWayTransmissionLink,Region26Tibet_to_Ordos_CO2_Pipeline,Region26Tibet,CO2Captured,TRUE,TRUE,FALSE,FALSE,TRUE,co2_captured_Region26Tibet,co2_transported_Region26Tibet_to_Ordos,1843.0,0,67.846569,0,3.397064,0.08,25,15,0.0
OneWayTransmissionLink,Region26Tibet_to_YingenEjina_CO2_Pipeline,Region26Tibet,CO2Captured,TRUE,TRUE,FALSE,FALSE,TRUE,co2_captured_Region26Tibet,co2_transported_Region26Tibet_to_YingenEjina,1612.3,0,67.304348,0,3.369916,0.08,25,15,0.0
OneWayTransmissionLink,Region26Tibet_to_Hehuai_CO2_Pipeline,Region26Tibet,CO2Captured,TRUE,TRUE,FALSE,FALSE,TRUE,co2_captured_Region26Tibet,co2_transported_Region26Tibet_to_Hehuai,2296.9,0,68.748764,0,3.442237,0.08,25,15,0.0
OneWayTransmissionLink,Region26Tibet_to_Qinshui_CO2_Pipeline,Region26Tibet,CO2Captured,TRUE,TRUE,FALSE,FALSE,TRUE,co2_captured_Region26Tibet,co2_transported_Region26Tibet_to_Qinshui,2124.6,0,68.427866,0,3.42617,0.08,25,15,0.0
OneWayTransmissionLink,Region26Tibet_to_Erlian_CO2_Pipeline,Region26Tibet,CO2Captured,TRUE,TRUE,FALSE,FALSE,TRUE,co2_captured_Region26Tibet,co2_transported_Region26Tibet_to_Erlian,2671.5,0,69.374789,0,3.473582,0.08,25,15,0.0
OneWayTransmissionLink,Region26Tibet_to_Junggar_CO2_Pipeline,Region26Tibet,CO2Captured,TRUE,TRUE,FALSE,FALSE,TRUE,co2_captured_Region26Tibet,co2_transported_Region26Tibet_to_Junggar,1741.2,0,67.615659,0,3.385503,0.08,25,15,0.0
OneWayTransmissionLink,Region26Tibet_to_SichuanBasin_CO2_Pipeline,Region26Tibet,CO2Captured,TRUE,TRUE,FALSE,FALSE,TRUE,co2_captured_Region26Tibet,co2_transported_Region26Tibet_to_SichuanBasin,1426.5,0,66.811723,0,3.34525,0.08,25,15,0.0
OneWayTransmissionLink,Region26Tibet_to_BohaiOffshore_CO2_Pipeline,Region26Tibet,CO2Captured,TRUE,TRUE,FALSE,FALSE,TRUE,co2_captured_Region26Tibet,co2_transported_Region26Tibet_to_BohaiOffshore,2807.3,0,69.581486,0,3.483931,0.08,25,15,0.0
OneWayTransmissionLink,Region26Tibet_to_NorthYellowSea_CO2_Pipeline,Region26Tibet,CO2Captured,TRUE,TRUE,FALSE,FALSE,TRUE,co2_captured_Region26Tibet,co2_transported_Region26Tibet_to_NorthYellowSea,3097.6,0,69.993528,0,3.504562,0.08,25,15,0.0
OneWayTransmissionLink,Region26Tibet_to_SouthYellowSea_CO2_Pipeline,Region26Tibet,CO2Captured,TRUE,TRUE,FALSE,FALSE,TRUE,co2_captured_Region26Tibet,co2_transported_Region26Tibet_to_SouthYellowSea,3044.9,0,69.921502,0,3.500956,0.08,25,15,0.0
OneWayTransmissionLink,Region26Tibet_to_EastChinaSea_CO2_Pipeline,Region26Tibet,CO2Captured,TRUE,TRUE,FALSE,FALSE,TRUE,co2_captured_Region26Tibet,co2_transported_Region26Tibet_to_EastChinaSea,3246.3,0,70.190718,0,3.514436,0.08,25,15,0.0
OneWayTransmissionLink,Region26Tibet_to_PearlRiverMouth_CO2_Pipeline,Region26Tibet,CO2Captured,TRUE,TRUE,FALSE,FALSE,TRUE,co2_captured_Region26Tibet,co2_transported_Region26Tibet_to_PearlRiverMouth,2555.5,0,69.190253,0,3.464342,0.08,25,15,0.0
OneWayTransmissionLink,Region26Tibet_to_BeibugGulf_CO2_Pipeline,Region26Tibet,CO2Captured,TRUE,TRUE,FALSE,FALSE,TRUE,co2_captured_Region26Tibet,co2_transported_Region26Tibet_to_BeibugGulf,2082.0,0,68.344758,0,3.422009,0.08,25,15,0.0
OneWayTransmissionLink,Region26Tibet_to_Qiongdongnan_CO2_Pipeline,Region26Tibet,CO2Captured,TRUE,TRUE,FALSE,FALSE,TRUE,co2_captured_Region26Tibet,co2_transported_Region26Tibet_to_Qiongdongnan,2363.9,0,68.867468,0,3.448181,0.08,25,15,0.0
OneWayTransmissionLink,Region27Shaanxi_to_Songliao_CO2_Pipeline,Region27Shaanxi,CO2Captured,TRUE,TRUE,FALSE,FALSE,TRUE,co2_captured_Region27Shaanxi,co2_transported_Region27Shaanxi_to_Songliao,1803.6,0,67.758656,0,3.392663,0.08,25,15,0.0
OneWayTransmissionLink,Region27Shaanxi_to_TurpanHami_CO2_Pipeline,Region27Shaanxi,CO2Captured,TRUE,TRUE,FALSE,FALSE,TRUE,co2_captured_Region27Shaanxi,co2_transported_Region27Shaanxi_to_TurpanHami,1758.3,0,67.655319,0,3.387489,0.08,25,15,0.0
OneWayTransmissionLink,Region27Shaanxi_to_Subei_CO2_Pipeline,Region27Shaanxi,CO2Captured,TRUE,TRUE,FALSE,FALSE,TRUE,co2_captured_Region27Shaanxi,co2_transported_Region27Shaanxi_to_Subei,1053.6,0,65.608017,0,3.284981,0.08,25,15,0.0
OneWayTransmissionLink,Region27Shaanxi_to_BohaiOnshore_CO2_Pipeline,Region27Shaanxi,CO2Captured,TRUE,TRUE,FALSE,FALSE,TRUE,co2_captured_Region27Shaanxi,co2_transported_Region27Shaanxi_to_BohaiOnshore,843.0,0,64.736024,0,3.24132,0.08,25,15,0.0
OneWayTransmissionLink,Region27Shaanxi_to_Qaidam_CO2_Pipeline,Region27Shaanxi,CO2Captured,TRUE,TRUE,FALSE,FALSE,TRUE,co2_captured_Region27Shaanxi,co2_transported_Region27Shaanxi_to_Qaidam,1386.0,0,66.696364,0,3.339474,0.08,25,15,0.0
OneWayTransmissionLink,Region27Shaanxi_to_Nanxiang_CO2_Pipeline,Region27Shaanxi,CO2Captured,TRUE,TRUE,FALSE,FALSE,TRUE,co2_captured_Region27Shaanxi,co2_transported_Region27Shaanxi_to_Nanxiang,367.0,0,61.585196,0,3.083559,0.08,25,15,0.0
OneWayTransmissionLink,Region27Shaanxi_to_Sanjiang_CO2_Pipeline,Region27Shaanxi,CO2Captured,TRUE,TRUE,FALSE,FALSE,TRUE,co2_captured_Region27Shaanxi,co2_transported_Region27Shaanxi_to_Sanjiang,2390.6,0,68.913893,0,3.450505,0.08,25,15,0.0
OneWayTransmissionLink,Region27Shaanxi_to_Hailar_CO2_Pipeline,Region27Shaanxi,CO2Captured,TRUE,TRUE,FALSE,FALSE,TRUE,co2_captured_Region27Shaanxi,co2_transported_Region27Shaanxi_to_Hailar,1808.8,0,67.770361,0,3.393249,0.08,25,15,0.0
OneWayTransmissionLink,Region27Shaanxi_to_Jianghan_CO2_Pipeline,Region27Shaanxi,CO2Captured,TRUE,TRUE,FALSE,FALSE,TRUE,co2_captured_Region27Shaanxi,co2_transported_Region27Shaanxi_to_Jianghan,562.5,0,63.183506,0,3.163586,0.08,25,15,0.0
OneWayTransmissionLink,Region27Shaanxi_to_Tarim_CO2_Pipeline,Region27Shaanxi,CO2Captured,TRUE,TRUE,FALSE,FALSE,TRUE,co2_captured_Region27Shaanxi,co2_transported_Region27Shaanxi_to_Tarim,2431.8,0,68.984582,0,3.454045,0.08,25,15,0.0
OneWayTransmissionLink,Region27Shaanxi_to_Ordos_CO2_Pipeline,Region27Shaanxi,CO2Captured,TRUE,TRUE,FALSE,FALSE,TRUE,co2_captured_Region27Shaanxi,co2_transported_Region27Shaanxi_to_Ordos,366.3,0,61.578142,0,3.083206,0.08,25,15,0.0
OneWayTransmissionLink,Region27Shaanxi_to_YingenEjina_CO2_Pipeline,Region27Shaanxi,CO2Captured,TRUE,TRUE,FALSE,FALSE,TRUE,co2_captured_Region27Shaanxi,co2_transported_Region27Shaanxi_to_YingenEjina,1036.0,0,65.541738,0,3.281662,0.08,25,15,0.0
OneWayTransmissionLink,Region27Shaanxi_to_Hehuai_CO2_Pipeline,Region27Shaanxi,CO2Captured,TRUE,TRUE,FALSE,FALSE,TRUE,co2_captured_Region27Shaanxi,co2_transported_Region27Shaanxi_to_Hehuai,557.2,0,63.147627,0,3.161789,0.08,25,15,0.0
OneWayTransmissionLink,Region27Shaanxi_to_Qinshui_CO2_Pipeline,Region27Shaanxi,CO2Captured,TRUE,TRUE,FALSE,FALSE,TRUE,co2_captured_Region27Shaanxi,co2_transported_Region27Shaanxi_to_Qinshui,417.6,0,62.064319,0,3.107548,0.08,25,15,0.0
OneWayTransmissionLink,Region27Shaanxi_to_Erlian_CO2_Pipeline,Region27Shaanxi,CO2Captured,TRUE,TRUE,FALSE,FALSE,TRUE,co2_captured_Region27Shaanxi,co2_transported_Region27Shaanxi_to_Erlian,1232.0,0,66.226684,0,3.315957,0.08,25,15,0.0
OneWayTransmissionLink,Region27Shaanxi_to_Junggar_CO2_Pipeline,Region27Shaanxi,CO2Captured,TRUE,TRUE,FALSE,FALSE,TRUE,co2_captured_Region27Shaanxi,co2_transported_Region27Shaanxi_to_Junggar,2207.7,0,68.585573,0,3.434066,0.08,25,15,0.0
OneWayTransmissionLink,Region27Shaanxi_to_SichuanBasin_CO2_Pipeline,Region27Shaanxi,CO2Captured,TRUE,TRUE,FALSE,FALSE,TRUE,co2_captured_Region27Shaanxi,co2_transported_Region27Shaanxi_to_SichuanBasin,517.0,0,62.864548,0,3.147616,0.08,25,15,0.0
OneWayTransmissionLink,Region27Shaanxi_to_BohaiOffshore_CO2_Pipeline,Region27Shaanxi,CO2Captured,TRUE,TRUE,FALSE,FALSE,TRUE,co2_captured_Region27Shaanxi,co2_transported_Region27Shaanxi_to_BohaiOffshore,1096.3,0,65.764592,0,3.29282,0.08,25,15,0.0
OneWayTransmissionLink,Region27Shaanxi_to_NorthYellowSea_CO2_Pipeline,Region27Shaanxi,CO2Captured,TRUE,TRUE,FALSE,FALSE,TRUE,co2_captured_Region27Shaanxi,co2_transported_Region27Shaanxi_to_NorthYellowSea,1361.8,0,66.625912,0,3.335946,0.08,25,15,0.0
OneWayTransmissionLink,Region27Shaanxi_to_SouthYellowSea_CO2_Pipeline,Region27Shaanxi,CO2Captured,TRUE,TRUE,FALSE,FALSE,TRUE,co2_captured_Region27Shaanxi,co2_transported_Region27Shaanxi_to_SouthYellowSea,1293.6,0,66.420841,0,3.325679,0.08,25,15,0.0
OneWayTransmissionLink,Region27Shaanxi_to_EastChinaSea_CO2_Pipeline,Region27Shaanxi,CO2Captured,TRUE,TRUE,FALSE,FALSE,TRUE,co2_captured_Region27Shaanxi,co2_transported_Region27Shaanxi_to_EastChinaSea,1598.1,0,67.268633,0,3.368127,0.08,25,15,0.0
OneWayTransmissionLink,Region27Shaanxi_to_PearlRiverMouth_CO2_Pipeline,Region27Shaanxi,CO2Captured,TRUE,TRUE,FALSE,FALSE,TRUE,co2_captured_Region27Shaanxi,co2_transported_Region27Shaanxi_to_PearlRiverMouth,1615.5,0,67.312355,0,3.370316,0.08,25,15,0.0
OneWayTransmissionLink,Region27Shaanxi_to_BeibugGulf_CO2_Pipeline,Region27Shaanxi,CO2Captured,TRUE,TRUE,FALSE,FALSE,TRUE,co2_captured_Region27Shaanxi,co2_transported_Region27Shaanxi_to_BeibugGulf,1546.6,0,67.136554,0,3.361514,0.08,25,15,0.0
OneWayTransmissionLink,Region27Shaanxi_to_Qiongdongnan_CO2_Pipeline,Region27Shaanxi,CO2Captured,TRUE,TRUE,FALSE,FALSE,TRUE,co2_captured_Region27Shaanxi,co2_transported_Region27Shaanxi_to_Qiongdongnan,1827.1,0,67.811306,0,3.395299,0.08,25,15,0.0
OneWayTransmissionLink,Region28Gansu_to_Songliao_CO2_Pipeline,Region28Gansu,CO2Captured,TRUE,TRUE,FALSE,FALSE,TRUE,co2_captured_Region28Gansu,co2_transported_Region28Gansu_to_Songliao,2007.2,0,68.194886,0,3.414505,0.08,25,15,0.0
OneWayTransmissionLink,Region28Gansu_to_TurpanHami_CO2_Pipeline,Region28Gansu,CO2Captured,TRUE,TRUE,FALSE,FALSE,TRUE,co2_captured_Region28Gansu,co2_transported_Region28Gansu_to_TurpanHami,1269.7,0,66.346564,0,3.32196,0.08,25,15,0.0
OneWayTransmissionLink,Region28Gansu_to_Subei_CO2_Pipeline,Region28Gansu,CO2Captured,TRUE,TRUE,FALSE,FALSE,TRUE,co2_captured_Region28Gansu,co2_transported_Region28Gansu_to_Subei,1534.9,0,67.105972,0,3.359983,0.08,25,15,0.0
OneWayTransmissionLink,Region28Gansu_to_BohaiOnshore_CO2_Pipeline,Region28Gansu,CO2Captured,TRUE,TRUE,FALSE,FALSE,TRUE,co2_captured_Region28Gansu,co2_transported_Region28Gansu_to_BohaiOnshore,1191.7,0,66.094662,0,3.309347,0.08,25,15,0.0
OneWayTransmissionLink,Region28Gansu_to_Qaidam_CO2_Pipeline,Region28Gansu,CO2Captured,TRUE,TRUE,FALSE,FALSE,TRUE,co2_captured_Region28Gansu,co2_transported_Region28Gansu_to_Qaidam,883.4,0,64.918102,0,3.250437,0.08,25,15,0.0
OneWayTransmissionLink,Region28Gansu_to_Nanxiang_CO2_Pipeline,Region28Gansu,CO2Captured,TRUE,TRUE,FALSE,FALSE,TRUE,co2_captured_Region28Gansu,co2_transported_Region28Gansu_to_Nanxiang,872.8,0,64.871098,0,3.248083,0.08,25,15,0.0
OneWayTransmissionLink,Region28Gansu_to_Sanjiang_CO2_Pipeline,Region28Gansu,CO2Captured,TRUE,TRUE,FALSE,FALSE,TRUE,co2_captured_Region28Gansu,co2_transported_Region28Gansu_to_Sanjiang,2621.3,0,69.295873,0,3.469631,0.08,25,15,0.0
OneWayTransmissionLink,Region28Gansu_to_Hailar_CO2_Pipeline,Region28Gansu,CO2Captured,TRUE,TRUE,FALSE,FALSE,TRUE,co2_captured_Region28Gansu,co2_transported_Region28Gansu_to_Hailar,1862.2,0,67.888771,0,3.399178,0.08,25,15,0.0
OneWayTransmissionLink,Region28Gansu_to_Jianghan_CO2_Pipeline,Region28Gansu,CO2Captured,TRUE,TRUE,FALSE,FALSE,TRUE,co2_captured_Region28Gansu,co2_transported_Region28Gansu_to_Jianghan,1047.8,0,65.586291,0,3.283893,0.08,25,15,0.0
OneWayTransmissionLink,Region28Gansu_to_Tarim_CO2_Pipeline,Region28Gansu,CO2Captured,TRUE,TRUE,FALSE,FALSE,TRUE,co2_captured_Region28Gansu,co2_transported_Region28Gansu_to_Tarim,1926.5,0,68.027186,0,3.406108,0.08,25,15,0.0
OneWayTransmissionLink,Region28Gansu_to_Ordos_CO2_Pipeline,Region28Gansu,CO2Captured,TRUE,TRUE,FALSE,FALSE,TRUE,co2_captured_Region28Gansu,co2_transported_Region28Gansu_to_Ordos,465.3,0,62.468395,0,3.12778,0.08,25,15,0.0
OneWayTransmissionLink,Region28Gansu_to_YingenEjina_CO2_Pipeline,Region28Gansu,CO2Captured,TRUE,TRUE,FALSE,FALSE,TRUE,co2_captured_Region28Gansu,co2_transported_Region28Gansu_to_YingenEjina,637.7,0,63.660985,0,3.187493,0.08,25,15,0.0
OneWayTransmissionLink,Region28Gansu_to_Hehuai_CO2_Pipeline,Region28Gansu,CO2Captured,TRUE,TRUE,FALSE,FALSE,TRUE,co2_captured_Region28Gansu,co2_transported_Region28Gansu_to_Hehuai,1041.5,0,65.562563,0,3.282705,0.08,25,15,0.0
OneWayTransmissionLink,Region28Gansu_to_Qinshui_CO2_Pipeline,Region28Gansu,CO2Captured,TRUE,TRUE,FALSE,FALSE,TRUE,co2_captured_Region28Gansu,co2_transported_Region28Gansu_to_Qinshui,774.7,0,64.408677,0,3.22493,0.08,25,15,0.0
OneWayTransmissionLink,Region28Gansu_to_Erlian_CO2_Pipeline,Region28Gansu,CO2Captured,TRUE,TRUE,FALSE,FALSE,TRUE,co2_captured_Region28Gansu,co2_transported_Region28Gansu_to_Erlian,1329.5,0,66.530022,0,3.331145,0.08,25,15,0.0
OneWayTransmissionLink,Region28Gansu_to_Junggar_CO2_Pipeline,Region28Gansu,CO2Captured,TRUE,TRUE,FALSE,FALSE,TRUE,co2_captured_Region28Gansu,co2_transported_Region28Gansu_to_Junggar,1721.9,0,67.570455,0,3.383239,0.08,25,15,0.0
OneWayTransmissionLink,Region28Gansu_to_SichuanBasin_CO2_Pipeline,Region28Gansu,CO2Captured,TRUE,TRUE,FALSE,FALSE,TRUE,co2_captured_Region28Gansu,co2_transported_Region28Gansu_to_SichuanBasin,664.7,0,63.819575,0,3.195434,0.08,25,15,0.0
OneWayTransmissionLink,Region28Gansu_to_BohaiOffshore_CO2_Pipeline,Region28Gansu,CO2Captured,TRUE,TRUE,FALSE,FALSE,TRUE,co2_captured_Region28Gansu,co2_transported_Region28Gansu_to_BohaiOffshore,1438.3,0,66.844755,0,3.346904,0.08,25,15,0.0
OneWayTransmissionLink,Region28Gansu_to_NorthYellowSea_CO2_Pipeline,Region28Gansu,CO2Captured,TRUE,TRUE,FALSE,FALSE,TRUE,co2_captured_Region28Gansu,co2_transported_Region28Gansu_to_NorthYellowSea,1739.6,0,67.61193,0,3.385316,0.08,25,15,0.0
OneWayTransmissionLink,Region28Gansu_to_SouthYellowSea_CO2_Pipeline,Region28Gansu,CO2Captured,TRUE,TRUE,FALSE,FALSE,TRUE,co2_captured_Region28Gansu,co2_transported_Region28Gansu_to_SouthYellowSea,1730.7,0,67.591125,0,3.384274,0.08,25,15,0.0
OneWayTransmissionLink,Region28Gansu_to_EastChinaSea_CO2_Pipeline,Region28Gansu,CO2Captured,TRUE,TRUE,FALSE,FALSE,TRUE,co2_captured_Region28Gansu,co2_transported_Region28Gansu_to_EastChinaSea,2100.1,0,68.380263,0,3.423786,0.08,25,15,0.0
OneWayTransmissionLink,Region28Gansu_to_PearlRiverMouth_CO2_Pipeline,Region28Gansu,CO2Captured,TRUE,TRUE,FALSE,FALSE,TRUE,co2_captured_Region28Gansu,co2_transported_Region28Gansu_to_PearlRiverMouth,2010.8,0,68.202218,0,3.414872,0.08,25,15,0.0
OneWayTransmissionLink,Region28Gansu_to_BeibugGulf_CO2_Pipeline,Region28Gansu,CO2Captured,TRUE,TRUE,FALSE,FALSE,TRUE,co2_captured_Region28Gansu,co2_transported_Region28Gansu_to_BeibugGulf,1821.4,0,67.798594,0,3.394662,0.08,25,15,0.0
OneWayTransmissionLink,Region28Gansu_to_Qiongdongnan_CO2_Pipeline,Region28Gansu,CO2Captured,TRUE,TRUE,FALSE,FALSE,TRUE,co2_captured_Region28Gansu,co2_transported_Region28Gansu_to_Qiongdongnan,2126.2,0,68.430957,0,3.426325,0.08,25,15,0.0
OneWayTransmissionLink,Region29Qinghai_to_Songliao_CO2_Pipeline,Region29Qinghai,CO2Captured,TRUE,TRUE,FALSE,FALSE,TRUE,co2_captured_Region29Qinghai,co2_transported_Region29Qinghai_to_Songliao,2118.3,0,68.415675,0,3.425559,0.08,25,15,0.0
OneWayTransmissionLink,Region29Qinghai_to_TurpanHami_CO2_Pipeline,Region29Qinghai,CO2Captured,TRUE,TRUE,FALSE,FALSE,TRUE,co2_captured_Region29Qinghai,co2_transported_Region29Qinghai_to_TurpanHami,1089.4,0,65.739684,0,3.291573,0.08,25,15,0.0
OneWayTransmissionLink,Region29Qinghai_to_Subei_CO2_Pipeline,Region29Qinghai,CO2Captured,TRUE,TRUE,FALSE,FALSE,TRUE,co2_captured_Region29Qinghai,co2_transported_Region29Qinghai_to_Subei,1725.3,0,67.578453,0,3.38364,0.08,25,15,0.0
OneWayTransmissionLink,Region29Qinghai_to_BohaiOnshore_CO2_Pipeline,Region29Qinghai,CO2Captured,TRUE,TRUE,FALSE,FALSE,TRUE,co2_captured_Region29Qinghai,co2_transported_Region29Qinghai_to_BohaiOnshore,1356.3,0,66.609736,0,3.335136,0.08,25,15,0.0
OneWayTransmissionLink,Region29Qinghai_to_Qaidam_CO2_Pipeline,Region29Qinghai,CO2Captured,TRUE,TRUE,FALSE,FALSE,TRUE,co2_captured_Region29Qinghai,co2_transported_Region29Qinghai_to_Qaidam,690.4,0,63.965001,0,3.202715,0.08,25,15,0.0
OneWayTransmissionLink,Region29Qinghai_to_Nanxiang_CO2_Pipeline,Region29Qinghai,CO2Captured,TRUE,TRUE,FALSE,FALSE,TRUE,co2_captured_Region29Qinghai,co2_transported_Region29Qinghai_to_Nanxiang,1066.8,0,65.657047,0,3.287436,0.08,25,15,0.0
OneWayTransmissionLink,Region29Qinghai_to_Sanjiang_CO2_Pipeline,Region29Qinghai,CO2Captured,TRUE,TRUE,FALSE,FALSE,TRUE,co2_captured_Region29Qinghai,co2_transported_Region29Qinghai_to_Sanjiang,2735.2,0,69.472946,0,3.478497,0.08,25,15,0.0
OneWayTransmissionLink,Region29Qinghai_to_Hailar_CO2_Pipeline,Region29Qinghai,CO2Captured,TRUE,TRUE,FALSE,FALSE,TRUE,co2_captured_Region29Qinghai,co2_transported_Region29Qinghai_to_Hailar,1924.7,0,68.023371,0,3.405917,0.08,25,15,0.0
OneWayTransmissionLink,Region29Qinghai_to_Jianghan_CO2_Pipeline,Region29Qinghai,CO2Captured,TRUE,TRUE,FALSE,FALSE,TRUE,co2_captured_Region29Qinghai,co2_transported_Region29Qinghai_to_Jianghan,1237.1,0,66.243101,0,3.316779,0.08,25,15,0.0
OneWayTransmissionLink,Region29Qinghai_to_Tarim_CO2_Pipeline,Region29Qinghai,CO2Captured,TRUE,TRUE,FALSE,FALSE,TRUE,co2_captured_Region29Qinghai,co2_transported_Region29Qinghai_to_Tarim,1732.2,0,67.594638,0,3.38445,0.08,25,15,0.0
OneWayTransmissionLink,Region29Qinghai_to_Ordos_CO2_Pipeline,Region29Qinghai,CO2Captured,TRUE,TRUE,FALSE,FALSE,TRUE,co2_captured_Region29Qinghai,co2_transported_Region29Qinghai_to_Ordos,624.0,0,63.578085,0,3.183342,0.08,25,15,0.0
OneWayTransmissionLink,Region29Qinghai_to_YingenEjina_CO2_Pipeline,Region29Qinghai,CO2Captured,TRUE,TRUE,FALSE,FALSE,TRUE,co2_captured_Region29Qinghai,co2_transported_Region29Qinghai_to_YingenEjina,542.8,0,63.0485,0,3.156826,0.08,25,15,0.0
OneWayTransmissionLink,Region29Qinghai_to_Hehuai_CO2_Pipeline,Region29Qinghai,CO2Captured,TRUE,TRUE,FALSE,FALSE,TRUE,co2_captured_Region29Qinghai,co2_transported_Region29Qinghai_to_Hehuai,1233.5,0,66.231519,0,3.316199,0.08,25,15,0.0
OneWayTransmissionLink,Region29Qinghai_to_Qinshui_CO2_Pipeline,Region29Qinghai,CO2Captured,TRUE,TRUE,FALSE,FALSE,TRUE,co2_captured_Region29Qinghai,co2_transported_Region29Qinghai_to_Qinshui,951.7,0,65.208825,0,3.264993,0.08,25,15,0.0
OneWayTransmissionLink,Region29Qinghai_to_Erlian_CO2_Pipeline,Region29Qinghai,CO2Captured,TRUE,TRUE,FALSE,FALSE,TRUE,co2_captured_Region29Qinghai,co2_transported_Region29Qinghai_to_Erlian,1420.5,0,66.794829,0,3.344404,0.08,25,15,0.0
OneWayTransmissionLink,Region29Qinghai_to_Junggar_CO2_Pipeline,Region29Qinghai,CO2Captured,TRUE,TRUE,FALSE,FALSE,TRUE,co2_captured_Region29Qinghai,co2_transported_Region29Qinghai_to_Junggar,1541.8,0,67.124034,0,3.360887,0.08,25,15,0.0
OneWayTransmissionLink,Region29Qinghai_to_SichuanBasin_CO2_Pipeline,Region29Qinghai,CO2Captured,TRUE,TRUE,FALSE,FALSE,TRUE,co2_captured_Region29Qinghai,co2_transported_Region29Qinghai_to_SichuanBasin,797.8,0,64.522325,0,3.23062,0.08,25,15,0.0
OneWayTransmissionLink,Region29Qinghai_to_BohaiOffshore_CO2_Pipeline,Region29Qinghai,CO2Captured,TRUE,TRUE,FALSE,FALSE,TRUE,co2_captured_Region29Qinghai,co2_transported_Region29Qinghai_to_BohaiOffshore,1597.3,0,67.266612,0,3.368026,0.08,25,15,0.0
OneWayTransmissionLink,Region29Qinghai_to_NorthYellowSea_CO2_Pipeline,Region29Qinghai,CO2Captured,TRUE,TRUE,FALSE,FALSE,TRUE,co2_captured_Region29Qinghai,co2_transported_Region29Qinghai_to_NorthYellowSea,1904.5,0,67.980323,0,3.403762,0.08,25,15,0.0
OneWayTransmissionLink,Region29Qinghai_to_SouthYellowSea_CO2_Pipeline,Region29Qinghai,CO2Captured,TRUE,TRUE,FALSE,FALSE,TRUE,co2_captured_Region29Qinghai,co2_transported_Region29Qinghai_to_SouthYellowSea,1910.6,0,67.993368,0,3.404415,0.08,25,15,0.0
OneWayTransmissionLink,Region29Qinghai_to_EastChinaSea_CO2_Pipeline,Region29Qinghai,CO2Captured,TRUE,TRUE,FALSE,FALSE,TRUE,co2_captured_Region29Qinghai,co2_transported_Region29Qinghai_to_EastChinaSea,2294.1,0,68.743732,0,3.441985,0.08,25,15,0.0
OneWayTransmissionLink,Region29Qinghai_to_PearlRiverMouth_CO2_Pipeline,Region29Qinghai,CO2Captured,TRUE,TRUE,FALSE,FALSE,TRUE,co2_captured_Region29Qinghai,co2_transported_Region29Qinghai_to_PearlRiverMouth,2170.2,0,68.515109,0,3.430538,0.08,25,15,0.0
OneWayTransmissionLink,Region29Qinghai_to_BeibugGulf_CO2_Pipeline,Region29Qinghai,CO2Captured,TRUE,TRUE,FALSE,FALSE,TRUE,co2_captured_Region29Qinghai,co2_transported_Region29Qinghai_to_BeibugGulf,1945.2,0,68.066626,0,3.408083,0.08,25,15,0.0
OneWayTransmissionLink,Region29Qinghai_to_Qiongdongnan_CO2_Pipeline,Region29Qinghai,CO2Captured,TRUE,TRUE,FALSE,FALSE,TRUE,co2_captured_Region29Qinghai,co2_transported_Region29Qinghai_to_Qiongdongnan,2254.4,0,68.671768,0,3.438382,0.08,25,15,0.0
OneWayTransmissionLink,Region30Ningxia_to_Songliao_CO2_Pipeline,Region30Ningxia,CO2Captured,TRUE,TRUE,FALSE,FALSE,TRUE,co2_captured_Region30Ningxia,co2_transported_Region30Ningxia_to_Songliao,1677.3,0,67.464144,0,3.377917,0.08,25,15,0.0
OneWayTransmissionLink,Region30Ningxia_to_TurpanHami_CO2_Pipeline,Region30Ningxia,CO2Captured,TRUE,TRUE,FALSE,FALSE,TRUE,co2_captured_Region30Ningxia,co2_transported_Region30Ningxia_to_TurpanHami,1301.9,0,66.446334,0,3.326955,0.08,25,15,0.0
OneWayTransmissionLink,Region30Ningxia_to_Subei_CO2_Pipeline,Region30Ningxia,CO2Captured,TRUE,TRUE,FALSE,FALSE,TRUE,co2_captured_Region30Ningxia,co2_transported_Region30Ningxia_to_Subei,1391.2,0,66.711352,0,3.340224,0.08,25,15,0.0
OneWayTransmissionLink,Region30Ningxia_to_BohaiOnshore_CO2_Pipeline,Region30Ningxia,CO2Captured,TRUE,TRUE,FALSE,FALSE,TRUE,co2_captured_Region30Ningxia,co2_transported_Region30Ningxia_to_BohaiOnshore,942.0,0,65.168755,0,3.262987,0.08,25,15,0.0
OneWayTransmissionLink,Region30Ningxia_to_Qaidam_CO2_Pipeline,Region30Ningxia,CO2Captured,TRUE,TRUE,FALSE,FALSE,TRUE,co2_captured_Region30Ningxia,co2_transported_Region30Ningxia_to_Qaidam,1071.5,0,65.674367,0,3.288303,0.08,25,15,0.0
OneWayTransmissionLink,Region30Ningxia_to_Nanxiang_CO2_Pipeline,Region30Ningxia,CO2Captured,TRUE,TRUE,FALSE,FALSE,TRUE,co2_captured_Region30Ningxia,co2_transported_Region30Ningxia_to_Nanxiang,856.7,0,64.79867,0,3.244457,0.08,25,15,0.0
OneWayTransmissionLink,Region30Ningxia_to_Sanjiang_CO2_Pipeline,Region30Ningxia,CO2Captured,TRUE,TRUE,FALSE,FALSE,TRUE,co2_captured_Region30Ningxia,co2_transported_Region30Ningxia_to_Sanjiang,2293.6,0,68.742833,0,3.44194,0.08,25,15,0.0
OneWayTransmissionLink,Region30Ningxia_to_Hailar_CO2_Pipeline,Region30Ningxia,CO2Captured,TRUE,TRUE,FALSE,FALSE,TRUE,co2_captured_Region30Ningxia,co2_transported_Region30Ningxia_to_Hailar,1519.3,0,67.064853,0,3.357924,0.08,25,15,0.0
OneWayTransmissionLink,Region30Ningxia_to_Jianghan_CO2_Pipeline,Region30Ningxia,CO2Captured,TRUE,TRUE,FALSE,FALSE,TRUE,co2_captured_Region30Ningxia,co2_transported_Region30Ningxia_to_Jianghan,1080.9,0,65.708794,0,3.290027,0.08,25,15,0.0
OneWayTransmissionLink,Region30Ningxia_to_Tarim_CO2_Pipeline,Region30Ningxia,CO2Captured,TRUE,TRUE,FALSE,FALSE,TRUE,co2_captured_Region30Ningxia,co2_transported_Region30Ningxia_to_Tarim,2067.6,0,68.316303,0,3.420584,0.08,25,15,0.0
OneWayTransmissionLink,Region30Ningxia_to_Ordos_CO2_Pipeline,Region30Ningxia,CO2Captured,TRUE,TRUE,FALSE,FALSE,TRUE,co2_captured_Region30Ningxia,co2_transported_Region30Ningxia_to_Ordos,241.2,0,60.053594,0,3.006872,0.08,25,15,0.0
OneWayTransmissionLink,Region30Ningxia_to_YingenEjina_CO2_Pipeline,Region30Ningxia,CO2Captured,TRUE,TRUE,FALSE,FALSE,TRUE,co2_captured_Region30Ningxia,co2_transported_Region30Ningxia_to_YingenEjina,523.9,0,62.914576,0,3.150121,0.08,25,15,0.0
OneWayTransmissionLink,Region30Ningxia_to_Hehuai_CO2_Pipeline,Region30Ningxia,CO2Captured,TRUE,TRUE,FALSE,FALSE,TRUE,co2_captured_Region30Ningxia,co2_transported_Region30Ningxia_to_Hehuai,930.7,0,65.121583,0,3.260625,0.08,25,15,0.0
OneWayTransmissionLink,Region30Ningxia_to_Qinshui_CO2_Pipeline,Region30Ningxia,CO2Captured,TRUE,TRUE,FALSE,FALSE,TRUE,co2_captured_Region30Ningxia,co2_transported_Region30Ningxia_to_Qinshui,582.4,0,63.315443,0,3.170192,0.08,25,15,0.0
OneWayTransmissionLink,Region30Ningxia_to_Erlian_CO2_Pipeline,Region30Ningxia,CO2Captured,TRUE,TRUE,FALSE,FALSE,TRUE,co2_captured_Region30Ningxia,co2_transported_Region30Ningxia_to_Erlian,989.1,0,65.35981,0,3.272553,0.08,25,15,0.0
OneWayTransmissionLink,Region30Ningxia_to_Junggar_CO2_Pipeline,Region30Ningxia,CO2Captured,TRUE,TRUE,FALSE,FALSE,TRUE,co2_captured_Region30Ningxia,co2_transported_Region30Ningxia_to_Junggar,1738.3,0,67.608897,0,3.385164,0.08,25,15,0.0
OneWayTransmissionLink,Region30Ningxia_to_SichuanBasin_CO2_Pipeline,Region30Ningxia,CO2Captured,TRUE,TRUE,FALSE,FALSE,TRUE,co2_captured_Region30Ningxia,co2_transported_Region30Ningxia_to_SichuanBasin,904.3,0,65.009245,0,3.255,0.08,25,15,0.0
OneWayTransmissionLink,Region30Ningxia_to_BohaiOffshore_CO2_Pipeline,Region30Ningxia,CO2Captured,TRUE,TRUE,FALSE,FALSE,TRUE,co2_captured_Region30Ningxia,co2_transported_Region30Ningxia_to_BohaiOffshore,1171.9,0,66.028252,0,3.306022,0.08,25,15,0.0
OneWayTransmissionLink,Region30Ningxia_to_NorthYellowSea_CO2_Pipeline,Region30Ningxia,CO2Captured,TRUE,TRUE,FALSE,FALSE,TRUE,co2_captured_Region30Ningxia,co2_transported_Region30Ningxia_to_NorthYellowSea,1485.3,0,66.973843,0,3.353367,0.08,25,15,0.0
OneWayTransmissionLink,Region30Ningxia_to_SouthYellowSea_CO2_Pipeline,Region30Ningxia,CO2Captured,TRUE,TRUE,FALSE,FALSE,TRUE,co2_captured_Region30Ningxia,co2_transported_Region30Ningxia_to_SouthYellowSea,1524.2,0,67.077811,0,3.358573,0.08,25,15,0.0
OneWayTransmissionLink,Region30Ningxia_to_EastChinaSea_CO2_Pipeline,Region30Ningxia,CO2Captured,TRUE,TRUE,FALSE,FALSE,TRUE,co2_captured_Region30Ningxia,co2_transported_Region30Ningxia_to_EastChinaSea,1994.5,0,68.168919,0,3.413204,0.08,25,15,0.0
OneWayTransmissionLink,Region30Ningxia_to_PearlRiverMouth_CO2_Pipeline,Region30Ningxia,CO2Captured,TRUE,TRUE,FALSE,FALSE,TRUE,co2_captured_Region30Ningxia,co2_transported_Region30Ningxia_to_PearlRiverMouth,2142.7,0,68.462704,0,3.427914,0.08,25,15,0.0
OneWayTransmissionLink,Region30Ningxia_to_BeibugGulf_CO2_Pipeline,Region30Ningxia,CO2Captured,TRUE,TRUE,FALSE,FALSE,TRUE,co2_captured_Region30Ningxia,co2_transported_Region30Ningxia_to_BeibugGulf,2035.3,0,68.251794,0,3.417354,0.08,25,15,0.0
OneWayTransmissionLink,Region30Ningxia_to_Qiongdongnan_CO2_Pipeline,Region30Ningxia,CO2Captured,TRUE,TRUE,FALSE,FALSE,TRUE,co2_captured_Region30Ningxia,co2_transported_Region30Ningxia_to_Qiongdongnan,2328.1,0,68.80444,0,3.445025,0.08,25,15,0.0
OneWayTransmissionLink,Region31Xinjiang_to_Songliao_CO2_Pipeline,Region31Xinjiang,CO2Captured,TRUE,TRUE,FALSE,FALSE,TRUE,co2_captured_Region31Xinjiang,co2_transported_Region31Xinjiang_to_Songliao,2877.4,0,69.684531,0,3.489091,0.08,25,15,0.0
OneWayTransmissionLink,Region31Xinjiang_to_TurpanHami_CO2_Pipeline,Region31Xinjiang,CO2Captured,TRUE,TRUE,FALSE,FALSE,TRUE,co2_captured_Region31Xinjiang,co2_transported_Region31Xinjiang_to_TurpanHami,359.9,0,61.513052,0,3.079947,0.08,25,15,0.0
OneWayTransmissionLink,Region31Xinjiang_to_Subei_CO2_Pipeline,Region31Xinjiang,CO2Captured,TRUE,TRUE,FALSE,FALSE,TRUE,co2_captured_Region31Xinjiang,co2_transported_Region31Xinjiang_to_Subei,3047.7,0,69.925358,0,3.501149,0.08,25,15,0.0
OneWayTransmissionLink,Region31Xinjiang_to_BohaiOnshore_CO2_Pipeline,Region31Xinjiang,CO2Captured,TRUE,TRUE,FALSE,FALSE,TRUE,co2_captured_Region31Xinjiang,co2_transported_Region31Xinjiang_to_BohaiOnshore,2532.1,0,69.152075,0,3.462431,0.08,25,15,0.0
OneWayTransmissionLink,Region31Xinjiang_to_Qaidam_CO2_Pipeline,Region31Xinjiang,CO2Captured,TRUE,TRUE,FALSE,FALSE,TRUE,co2_captured_Region31Xinjiang,co2_transported_Region31Xinjiang_to_Qaidam,889.2,0,64.943596,0,3.251713,0.08,25,15,0.0
OneWayTransmissionLink,Region31Xinjiang_to_Nanxiang_CO2_Pipeline,Region31Xinjiang,CO2Captured,TRUE,TRUE,FALSE,FALSE,TRUE,co2_captured_Region31Xinjiang,co2_transported_Region31Xinjiang_to_Nanxiang,2480.1,0,69.066034,0,3.458123,0.08,25,15,0.0
OneWayTransmissionLink,Region31Xinjiang_to_Sanjiang_CO2_Pipeline,Region31Xinjiang,CO2Captured,TRUE,TRUE,FALSE,FALSE,TRUE,co2_captured_Region31Xinjiang,co2_transported_Region31Xinjiang_to_Sanjiang,3436.3,0,70.430672,0,3.52645,0.08,25,15,0.0
OneWayTransmissionLink,Region31Xinjiang_to_Hailar_CO2_Pipeline,Region31Xinjiang,CO2Captured,TRUE,TRUE,FALSE,FALSE,TRUE,co2_captured_Region31Xinjiang,co2_transported_Region31Xinjiang_to_Hailar,2421.7,0,68.967358,0,3.453182,0.08,25,15,0.0
OneWayTransmissionLink,Region31Xinjiang_to_Jianghan_CO2_Pipeline,Region31Xinjiang,CO2Captured,TRUE,TRUE,FALSE,FALSE,TRUE,co2_captured_Region31Xinjiang,co2_transported_Region31Xinjiang_to_Jianghan,2670.0,0,69.372452,0,3.473465,0.08,25,15,0.0
OneWayTransmissionLink,Region31Xinjiang_to_Tarim_CO2_Pipeline,Region31Xinjiang,CO2Captured,TRUE,TRUE,FALSE,FALSE,TRUE,co2_captured_Region31Xinjiang,co2_transported_Region31Xinjiang_to_Tarim,660.2,0,63.793569,0,3.194132,0.08,25,15,0.0
OneWayTransmissionLink,Region31Xinjiang_to_Ordos_CO2_Pipeline,Region31Xinjiang,CO2Captured,TRUE,TRUE,FALSE,FALSE,TRUE,co2_captured_Region31Xinjiang,co2_transported_Region31Xinjiang_to_Ordos,1902.5,0,67.976038,0,3.403547,0.08,25,15,0.0
OneWayTransmissionLink,Region31Xinjiang_to_YingenEjina_CO2_Pipeline,Region31Xinjiang,CO2Captured,TRUE,TRUE,FALSE,FALSE,TRUE,co2_captured_Region31Xinjiang,co2_transported_Region31Xinjiang_to_YingenEjina,1161.4,0,65.992606,0,3.304237,0.08,25,15,0.0
OneWayTransmissionLink,Region31Xinjiang_to_Hehuai_CO2_Pipeline,Region31Xinjiang,CO2Captured,TRUE,TRUE,FALSE,FALSE,TRUE,co2_captured_Region31Xinjiang,co2_transported_Region31Xinjiang_to_Hehuai,2591.2,0,69.247871,0,3.467227,0.08,25,15,0.0
OneWayTransmissionLink,Region31Xinjiang_to_Qinshui_CO2_Pipeline,Region31Xinjiang,CO2Captured,TRUE,TRUE,FALSE,FALSE,TRUE,co2_captured_Region31Xinjiang,co2_transported_Region31Xinjiang_to_Qinshui,2238.6,0,68.642795,0,3.436931,0.08,25,15,0.0
OneWayTransmissionLink,Region31Xinjiang_to_Erlian_CO2_Pipeline,Region31Xinjiang,CO2Captured,TRUE,TRUE,FALSE,FALSE,TRUE,co2_captured_Region31Xinjiang,co2_transported_Region31Xinjiang_to_Erlian,2206.9,0,68.584081,0,3.433992,0.08,25,15,0.0
OneWayTransmissionLink,Region31Xinjiang_to_Junggar_CO2_Pipeline,Region31Xinjiang,CO2Captured,TRUE,TRUE,FALSE,FALSE,TRUE,co2_captured_Region31Xinjiang,co2_transported_Region31Xinjiang_to_Junggar,138.3,0,58.082553,0,2.908182,0.08,25,15,0.0
OneWayTransmissionLink,Region31Xinjiang_to_SichuanBasin_CO2_Pipeline,Region31Xinjiang,CO2Captured,TRUE,TRUE,FALSE,FALSE,TRUE,co2_captured_Region31Xinjiang,co2_transported_Region31Xinjiang_to_SichuanBasin,2200.0,0,68.571197,0,3.433346,0.08,25,15,0.0
OneWayTransmissionLink,Region31Xinjiang_to_BohaiOffshore_CO2_Pipeline,Region31Xinjiang,CO2Captured,TRUE,TRUE,FALSE,FALSE,TRUE,co2_captured_Region31Xinjiang,co2_transported_Region31Xinjiang_to_BohaiOffshore,2713.0,0,69.438984,0,3.476796,0.08,25,15,0.0
OneWayTransmissionLink,Region31Xinjiang_to_NorthYellowSea_CO2_Pipeline,Region31Xinjiang,CO2Captured,TRUE,TRUE,FALSE,FALSE,TRUE,co2_captured_Region31Xinjiang,co2_transported_Region31Xinjiang_to_NorthYellowSea,3026.8,0,69.896494,0,3.499704,0.08,25,15,0.0
OneWayTransmissionLink,Region31Xinjiang_to_SouthYellowSea_CO2_Pipeline,Region31Xinjiang,CO2Captured,TRUE,TRUE,FALSE,FALSE,TRUE,co2_captured_Region31Xinjiang,co2_transported_Region31Xinjiang_to_SouthYellowSea,3136.5,0,70.045959,0,3.507187,0.08,25,15,0.0
OneWayTransmissionLink,Region31Xinjiang_to_EastChinaSea_CO2_Pipeline,Region31Xinjiang,CO2Captured,TRUE,TRUE,FALSE,FALSE,TRUE,co2_captured_Region31Xinjiang,co2_transported_Region31Xinjiang_to_EastChinaSea,3655.6,0,70.692589,0,3.539564,0.08,25,15,0.0
OneWayTransmissionLink,Region31Xinjiang_to_PearlRiverMouth_CO2_Pipeline,Region31Xinjiang,CO2Captured,TRUE,TRUE,FALSE,FALSE,TRUE,co2_captured_Region31Xinjiang,co2_transported_Region31Xinjiang_to_PearlRiverMouth,3584.2,0,70.608974,0,3.535378,0.08,25,15,0.0
OneWayTransmissionLink,Region31Xinjiang_to_BeibugGulf_CO2_Pipeline,Region31Xinjiang,CO2Captured,TRUE,TRUE,FALSE,FALSE,TRUE,co2_captured_Region31Xinjiang,co2_transported_Region31Xinjiang_to_BeibugGulf,3280.8,0,70.235253,0,3.516665,0.08,25,15,0.0
OneWayTransmissionLink,Region31Xinjiang_to_Qiongdongnan_CO2_Pipeline,Region31Xinjiang,CO2Captured,TRUE,TRUE,FALSE,FALSE,TRUE,co2_captured_Region31Xinjiang,co2_transported_Region31Xinjiang_to_Qiongdongnan,3593.1,0,70.619482,0,3.535904,0.08,25,15,0.0
